ano;curso;vagas;inscritos;pontos_minimo;pontos_maximo;candidatos_por_vaga;perc_acertos
1994;Musica;30;79;50;96;2.63;69.44
1994;Artes Cenicas−Bacharelado;15;365;33;55;24.33;45.83
1994;Artes Cenicas−Licenciatura;10;101;27;55;10.1;37.5
1994;Artes Plasticas;20;476;33;55;23.8;45.83
1994;Biblioteconomia−USP;30;290;26;53;9.67;36.11
1994;Biblioteconomia−Ufscar;40;63;13;45;1.58;18.06
1994;Cinema e Video;15;301;40;59;20.07;55.56
1994;Producao Editorial;15;378;36;60;25.2;50.0
1994;Jornalismo;45;2497;41;67;55.49;56.94
1994;Publicidade e Propaganda;40;3342;40;66;83.55;55.56
1994;Radio e Televisao;20;494;36;58;24.7;50.0
1994;Relacoes Publicas;20;590;33;55;29.5;45.83
1994;Turismo;20;948;35;58;47.4;48.61
1994;Ciencias Sociais;200;1140;29;62;5.7;40.28
1994;Ciencias Sociais−Ufscar;40;168;25;48;4.2;34.72
1994;Filosofia;160;912;28;60;5.7;38.89
1994;Geografia;160;871;26;61;5.44;36.11
1994;Historia;260;1494;28;58;5.75;38.89
1994;Letras;875;4961;26;63;5.67;36.11
1994;Administracao;400;8878;38;68;22.2;52.78
1994;Administracao−Ribeirao Preto;40;811;36;58;20.28;50.0
1994;Ciencias Contabeis;140;2087;31;59;14.91;43.06
1994;Ciencias Contabeis−Ribeirao Preto;40;435;28;57;10.88;38.89
1994;Economia;180;2037;37;70;11.32;51.39
1994;Economia−Ribeirao Preto;40;396;33;59;9.9;45.83
1994;Arquitetura FAU;150;3064;39;65;20.43;54.17
1994;Arquitetura−Sao Carlos;30;554;36;55;18.47;50.0
1994;Direito;450;15884;40;68;35.3;55.56
1994;Pedagogia;120;1913;26;60;15.94;36.11
1994;Pedagogia−Ufscar;50;167;21;41;3.34;29.17
1994;Ciencias Biologicas;180;1773;34;69;9.85;47.22
1994;Ciencias Biologicas−Epm;23;366;36;63;15.91;50.0
1994;Ciencias Biologicas−Ribeirao Preto;40;465;34;52;11.63;47.22
1994;Enfermagem;190;1689;25;57;8.89;34.72
1994;Enfermagem−Ribeirao Preto;80;633;26;49;7.91;36.11
1994;Farmacia−Bioquimica;135;2653;37;63;19.65;51.39
1994;Farmacia−Bioquimica−Ribeirao Preto;50;1022;37;62;20.44;51.39
1994;Medicina e Ciencias Medicas;485;14235;49;69;29.35;68.06
1994;Medicina Veterinaria;80;2619;39;67;32.74;54.17
1994;Zootecnia;30;367;32;58;12.23;44.44
1994;Odontologia;133;4514;39;64;33.94;54.17
1994;Odontologia−Ribeirao Preto;80;2065;39;61;25.81;54.17
1994;Odontologia−Bauru;50;839;39;60;16.78;54.17
1994;Fonoaudiologia;58;742;30;58;12.79;41.67
1994;Fonoaudiologia−Bauru;25;361;29;51;14.44;40.28
1994;Ortoptica;13;129;30;48;9.92;41.67
1994;Fisioterapia;65;2165;36;62;33.31;50.0
1994;Terapia Ocupacional;55;687;28;50;12.49;38.89
1994;Nutricao;40;1167;32;54;29.18;44.44
1994;Psicologia−USP−Capital;70;1749;34;62;24.99;47.22
1994;Psicologia;80;1622;31;61;20.28;43.06
1994;Educacao Fisica−USP;50;1344;29;58;26.88;40.28
1994;Esporte;50;541;28;54;10.82;38.89
1994;Educacao Fisica−Ufscar;40;333;24;52;8.33;33.33
1994;Engenharia Agronomica;240;1520;30;61;6.33;41.67
1994;Engenharia Florestal;40;202;27;53;5.05;37.5
1994;Engenharia e Ciencias Exatas;844;12058;43;70;14.29;59.72
1994;Engenharia Sao Carlos;120;1620;42;66;13.5;58.33
1994;Engenharia Civil−Sao Carlos;60;495;36;63;8.25;50.0
1994;Engenharia−Ufscar;230;1962;38;68;8.53;52.78
1994;Engenharia Civil−Sao Carlos−Ufscar;50;242;30;59;4.84;41.67
1994;Ciencias Exatas−Sao Carlos;40;154;25;52;3.85;34.72
1994;Matematica/Estatistica−Sao Carlos;130;328;22;60;2.52;30.56
1994;Computacao−Sao Carlos;100;2183;38;62;21.83;52.78
1994;Licenciatura em Matematica/Fisica;250;1330;26;55;5.32;36.11
1994;Fisica/Meteorologia;270;984;32;67;3.64;44.44
1994;Quimica;60;398;34;67;6.63;47.22
1994;Quimica−Ribeirao Preto;40;173;28;53;4.33;38.89
1994;Quimica−Sao Carlos;90;422;28;62;4.69;38.89
1994;Ciencias da Terra;70;381;29;62;5.44;40.28
1995;Musica;30;275;63;98;9.17;39.38
1995;Artes Cenicas−Bacharelado;15;381;70;127;25.4;43.75
1995;Artes Cenicas−Licenciatura;10;142;59;99;14.2;36.88
1995;Artes Plasticas;20;394;68;137;19.7;42.5
1995;Biblioteconomia;30;310;57;117;10.33;35.63
1995;Biblioteconomia − Ufscar;40;201;44;73;5.03;27.5
1995;Cinema e Video;15;358;82;124;23.87;51.25
1995;Producao Editorial;15;539;75;122;35.93;46.88
1995;Jornalismo;45;2583;80;132;57.4;50.0
1995;Publicidade e Propaganda;40;3400;79;136;85.0;49.38
1995;Radio e Televisao;20;518;71;126;25.9;44.38
1995;Relacoes Publicas;20;625;68;111;31.25;42.5
1995;Turismo;20;1024;70;110;51.2;43.75
1995;Ciencias Sociais;200;1354;62;123;6.77;38.75
1995;Ciencias Sociais − Ufscar;40;115;47;98;2.88;29.38
1995;Filosofia;160;615;60;126;3.84;37.5
1995;Geografia;160;695;57;106;4.34;35.63
1995;Historia;260;1527;61;124;5.87;38.13
1995;Letras;875;4652;57;126;5.32;35.63
1995;Administracao;400;8992;74;138;22.48;46.25
1995;Administracao − Ribeirao Preto;40;579;69;113;14.48;43.13
1995;Ciencias Contabeis;140;1968;64;125;14.06;40.0
1995;Ciencias Contabeis − Rib Preto;40;290;56;104;7.25;35.0
1995;Economia;180;1922;73;134;10.68;45.63
1995;Economia − Ribeirao Preto;40;317;67;117;7.93;41.88
1995;Arquitetura − FAU;150;3178;78;138;21.19;48.75
1995;Arquitetura − Sao Carlos;30;641;72;115;21.37;45.0
1995;Direito;450;16251;76;139;36.11;47.5
1995;Pedagogia;120;1661;53;131;13.84;33.13
1995;Pedagogia − Ufscar;50;162;45;77;3.24;28.13
1995;Ciencias Biologicas;180;2107;69;120;11.71;43.13
1995;Ciencias Biologicas−Epm;23;485;74;116;21.09;46.25
1995;Ciencias Biologicas−Rib Preto;40;277;68;104;6.93;42.5
1995;Enfermagem;190;1863;53;106;9.81;33.13
1995;Enfermagem − Ribeirao Preto;80;330;47;101;4.13;29.38
1995;Farmacia Bioquimica;135;2399;72;131;17.77;45.0
1995;Farm Bioquimica − Rib Preto;50;1065;73;113;21.3;45.63
1995;Medicina e Ciencias Medicas;485;14376;91;145;29.64;56.88
1995;Medicina Veterinaria;80;2706;75;122;33.83;46.88
1995;Zootecnia−Pirassunuga;30;388;63;112;12.93;39.38
1995;Odontologia−Sao Paulo;133;4196;74;127;31.55;46.25
1995;Odontologia − Ribeirao Preto;80;1702;74;116;21.28;46.25
1995;Odontologia − Bauru;50;1530;76;119;30.6;47.5
1995;Fonoaudiologia−Sao Paulo;58;823;61;107;14.19;38.13
1995;Fonoaudiologia − Bauru;25;280;61;104;11.2;38.13
1995;Ortoptica;13;160;56;76;12.31;35.0
1995;Fisioterapia;25;870;72;124;34.8;45.0
1995;Fisioterapia−Ufscar;40;1005;68;110;25.13;42.5
1995;Terapia Ocupacional;55;654;58;105;11.89;36.25
1995;Nutricao;40;1184;65;118;29.6;40.63
1995;Psicologia − USP − Capital;70;1743;69;118;24.9;43.13
1995;Psicologia;80;1326;62;112;16.58;38.75
1995;Educacao Fisica − USP;50;1311;57;105;26.22;35.63
1995;Esporte;50;747;61;119;14.94;38.13
1995;Educacao Fisica − Ufscar;40;370;48;87;9.25;30.0
1995;Engenharia Agronomica;240;1590;61;114;6.63;38.13
1995;Engenharia Florestal;40;164;54;122;4.1;33.75
1995;Engenharia e Ciencias Exatas;844;11050;82;142;13.09;51.25
1995;Engenharia − Sao Carlos;120;1364;78;130;11.37;48.75
1995;Engenharia Civil−Sao Carlos−USP;60;338;71;128;5.63;44.38
1995;Engenharia−Ufscar−Sao Carlos;230;1923;73;131;8.36;45.63
1995;Engenharia Civil−Ufscar−Sao Carlos;50;722;67;110;14.44;41.88
1995;Ciencias Exatas−Sao Carlos;40;90;41;89;2.25;25.63
1995;Matematica/Estatistica−Sao Carlos;130;288;40;124;2.22;25.0
1995;Computacao−Sao Carlos;100;2003;73;128;20.03;45.63
1995;Licenciatura em Matematica/Fisica;250;1107;55;117;4.43;34.38
1995;Fisica/Meteorologia−Sao Paulo;180;807;67;124;4.48;41.88
1995;Fisica−Sao Carlos;90;152;44;128;1.69;27.5
1995;Quimica−Sao Paulo;60;455;69;131;7.58;43.13
1995;Quimica−Ribeirao Preto;50;196;58;124;3.92;36.25
1995;Quimica−Sao Carlos;90;247;51;104;2.74;31.88
1995;Ciencias da Terra;70;262;59;115;3.74;36.88
1996;Musica;30;219;60;117;7.3;37.5
1996;Artes Cenicas Bacharelado;15;362;68;98;24.13;42.5
1996;Artes Cenicas − Licenciatura;10;119;61;98;11.9;38.13
1996;Artes Plasticas;20;352;67;105;17.6;41.88
1996;Biblioteconomia;30;142;54;93;4.73;33.75
1996;Biblioteconomia − Ufscar;40;77;28;77;1.93;17.5
1996;Cinema e Video;15;337;82;112;22.47;51.25
1996;Imagem e Som − Ufscar;40;239;56;114;5.98;35.0
1996;Editoracao;15;388;79;112;25.87;49.38
1996;Jornalismo;45;1972;87;124;43.82;54.38
1996;Publicidade e Propaganda;40;2519;88;130;62.98;55.0
1996;Radialismo;20;361;69;102;18.05;43.13
1996;Relacoes Publicas;20;431;68;95;21.55;42.5
1996;Turismo;20;836;72;104;41.8;45.0
1996;Ciencias Sociais;200;1178;60;125;5.89;37.5
1996;Ciencias Sociais − Ufscar;40;204;53;85;5.1;33.13
1996;Filosofia;160;590;57;120;3.69;35.63
1996;Geografia;160;635;55;106;3.97;34.38
1996;Historia;260;1322;59;114;5.08;36.88
1996;Letras;835;3443;54;127;4.12;33.75
1996;Licenciatura em Letras − Ufscar;40;222;50;99;5.55;31.25
1996;Administracao;200;6031;82;128;30.16;51.25
1996;Administracao − Ribeirao Preto;40;737;68;102;18.43;42.5
1996;Ciencias Contabeis;140;1502;60;113;10.73;37.5
1996;Ciencias Contabeis − Ribeirao Preto;40;217;55;96;5.43;34.38
1996;Economia;180;1773;70;135;9.85;43.75
1996;Economia − Ribeirao Preto;40;239;62;111;5.98;38.75
1996;Arquitetura − FAU;150;2998;77;126;19.99;48.13
1996;Arquitetura − Sao Carlos;30;543;73;124;18.1;45.63
1996;Direito;450;13799;84;138;30.66;52.5
1996;Pedagogia;120;1027;51;112;8.56;31.88
1996;Pedagogia − Ufscar;50;187;43;71;3.74;26.88
1996;Ciencias Biologicas;180;1768;67;123;9.82;41.88
1996;Ciencias Biologicas − Unifesp;23;406;78;119;17.65;48.75
1996;Ciencias Biologicas − Ribeirao Preto;40;356;63;100;8.9;39.38
1996;Enfermagem;190;1514;50;101;7.97;31.25
1996;Enfermagem − Ribeirao Preto;80;601;52;96;7.51;32.5
1996;Farmacia − Bioquimica;135;1805;68;117;13.37;42.5
1996;Farmacia − Bioquimica − Ribeirao Preto;50;755;69;111;15.1;43.13
1996;Medicina e Ciencias Medicas;485;14486;96;142;29.87;60.0
1996;Medicina Veterinaria;80;2388;78;112;29.85;48.75
1996;Zootecnia − Pirassununga;30;319;59;102;10.63;36.88
1996;Odontologia;133;3626;77;124;27.26;48.13
1996;Odontologia − Ribeirao Preto;80;2251;77;107;28.14;48.13
1996;Odontologia − Bauru;50;630;73;113;12.6;45.63
1996;Fonoaudiologia;58;758;60;94;13.07;37.5
1996;Fonoaudiologia − Bauru;25;253;55;99;10.12;34.38
1996;Ortoptica;13;166;59;89;12.77;36.88
1996;Fisioterapia;25;864;76;121;34.56;47.5
1996;Fisioterapia − Ufscar;40;1073;69;111;26.83;43.13
1996;Terapia Ocupacional;55;598;58;102;10.87;36.25
1996;Nutricao;40;1059;64;99;26.48;40.0
1996;Psicologia;70;1689;71;127;24.13;44.38
1996;Psicologia − Interior;80;1423;63;112;17.79;39.38
1996;Educacao Fisica;50;968;55;105;19.36;34.38
1996;Esporte;50;725;59;108;14.5;36.88
1996;Educacao Fisica − Ufscar;40;358;49;90;8.95;30.63
1996;Engenharia Agronomica;240;1302;56;106;5.43;35.0
1996;Engenharia Florestal;40;168;50;106;4.2;31.25
1996;Engenharia e Ciencias Exatas;844;9364;76;139;11.09;47.5
1996;Engenharia − USP − Sao Carlos;130;1169;73;126;8.99;45.63
1996;Engenharia Civil − USP − Sao Carlos;60;528;66;111;8.8;41.25
1996;Engenharia − Ufscar;230;1815;69;131;7.89;43.13
1996;Engenharia Civil − Ufscar;50;238;60;101;4.76;37.5
1996;Ciencias Exatas − Sao Carlos;40;83;37;88;2.08;23.13
1996;Matematica/Estatistica − Sao Carlos;130;387;43;125;2.98;26.88
1996;Computacao − Sao Carlos;100;1875;70;137;18.75;43.75
1996;Licenciatura em Matematica/Fisica − SP;250;759;49;119;3.04;30.63
1996;Fisica/Meteorologia;270;900;60;130;3.33;37.5
1996;Quimica;60;335;66;137;5.58;41.25
1996;Quimica − Ribeirao Preto;50;138;51;82;2.76;31.88
1996;Quimica − USP − Sao Carlos;40;210;57;93;5.25;35.63
1996;Quimica − Ufscar;50;119;46;97;2.38;28.75
1996;Ciencias da Terra;70;262;55;103;3.74;34.38
1997;Musica;30;255;58;110;8.5;36.25
1997;Artes Cenicas − Bacharelado;15;372;70;121;24.8;43.75
1997;Artes Cenicas − Licenciatura;10;95;56;126;9.5;35.0
1997;Artes Plasticas;20;376;65;108;18.8;40.63
1997;Biblioteconomia;30;286;51;117;9.53;31.88
1997;Biblioteconomia − Ufscar;40;276;44;75;6.9;27.5
1997;Cinema e Video;15;372;86;131;24.8;53.75
1997;Imagem e Som − Ufscar;40;322;61;106;8.05;38.13
1997;Editoracao;15;476;79;134;31.73;49.38
1997;Jornalismo;45;2000;92;130;44.44;57.5
1997;Publicidade e Propaganda;40;2602;88;126;65.05;55.0
1997;Radialismo;20;459;74;104;22.95;46.25
1997;Relacoes Publicas;20;558;73;109;27.9;45.63
1997;Turismo;20;1472;82;136;73.6;51.25
1997;Ciencias Sociais;200;997;60;105;4.99;37.5
1997;Ciencias Sociais − Ufscar;40;142;49;89;3.55;30.63
1997;Filosofia;160;642;59;124;4.01;36.88
1997;Geografia;160;696;55;117;4.35;34.38
1997;Historia;260;1272;58;124;4.89;36.25
1997;Letras;808;3595;54;128;4.45;33.75
1997;Licenciatura em Letras − Ufscar;40;193;51;111;4.83;31.88
1997;Administracao;200;4782;83;146;23.91;51.88
1997;Administracao − Ribeirao Preto;40;704;72;112;17.6;45.0
1997;Ciencias Contabeis;140;1488;61;112;10.63;38.13
1997;Ciencias Contabeis − Ribeirao Preto;40;304;55;92;7.6;34.38
1997;Economia;180;1756;71;125;9.76;44.38
1997;Economia − Ribeirao Preto;40;334;63;121;8.35;39.38
1997;Arquitetura − FAU;150;2724;78;132;18.16;48.75
1997;Arquitetura − Sao Carlos;30;611;73;127;20.37;45.63
1997;Direito;450;12728;85;140;28.28;53.13
1997;Pedagogia;120;1270;50;121;10.58;31.25
1997;Pedagogia − Ufscar;50;215;44;89;4.3;27.5
1997;Ciencias Biologicas;180;2040;68;127;11.33;42.5
1997;Ciencias Biologicas − Unifesp;25;496;81;113;19.84;50.63
1997;Ciencias Biologicas − Ribeirao Preto;40;334;65;123;8.35;40.63
1997;Enfermagem;190;1944;52;107;10.23;32.5
1997;Enfermagem − Ribeirao Preto;80;473;50;105;5.91;31.25
1997;Farmacia−Bioquimica;135;2034;73;137;15.07;45.63
1997;Farmacia−Bioquimica−Ribeirao Preto;50;924;75;107;18.48;46.88
1997;Medicina e Ciencias Medicas;485;13802;102;142;28.46;63.75
1997;Medicina Veterinaria;80;2504;79;131;31.3;49.38
1997;Zootecnia − Pirassununga;30;446;64;115;14.87;40.0
1997;Odontologia;133;3258;75;128;24.5;46.88
1997;Odontologia − Ribeirao Preto;80;1121;72;117;14.01;45.0
1997;Odontologia − Bauru;50;2035;83;129;40.7;51.88
1997;Fonoaudiologia;25;411;60;91;16.44;37.5
1997;Fonoaudiologia − Unifesp;33;320;57;110;9.7;35.63
1997;Fonoaudiologia − Bauru;25;394;60;103;15.76;37.5
1997;Ortoptica e Tecnologia Oftalmica;13;94;59;96;7.23;36.88
1997;Fisioterapia;25;1189;84;122;47.56;52.5
1997;Fisioterapia − Ufscar;40;1394;75;108;34.85;46.88
1997;Terapia Ocupacional;55;795;58;105;14.45;36.25
1997;Nutricao;40;1115;71;118;27.88;44.38
1997;Psicologia;70;1593;74;132;22.76;46.25
1997;Psicologia − Interior;80;1511;66;107;18.89;41.25
1997;Educacao Fisica;50;1086;58;115;21.72;36.25
1997;Esporte;50;575;61;107;11.5;38.13
1997;Educacao Fisica − Ufscar;40;446;49;82;11.15;30.63
1997;Engenharia Agronomica;240;1566;58;128;6.53;36.25
1997;Engenharia Florestal;40;194;52;89;4.85;32.5
1997;Engenharia e Ciencias Exatas;874;9788;76;142;11.2;47.5
1997;Engenharia − USP / Sao Carlos;130;1190;74;124;9.15;46.25
1997;Engenharia Civil − USP / Sao Carlos;60;260;66;120;4.33;41.25
1997;Engenharia − Ufscar;230;1752;71;146;7.62;44.38
1997;Engenharia Civil − Ufscar;50;513;60;125;10.26;37.5
1997;Lic. em Ciencias Exatas − USP/Sao Carlos;40;126;42;105;3.15;26.25
1997;Matematica/Estatistica Sao Carlos;130;346;42;126;2.66;26.25
1997;Computacao − Sao Carlos;100;1575;71;128;15.75;44.38
1997;Licenciatura em Matematica/Fisica;250;1010;54;114;4.04;33.75
1997;Fisica/Meteorologia;270;815;58;128;3.02;36.25
1997;Quimica;62;314;63;116;5.06;39.38
1997;Quimica − Ribeirao Preto;50;199;51;99;3.98;31.88
1997;Quimica − USP − Sao Carlos;40;101;52;96;2.53;32.5
1997;Quimica − Ufscar;50;213;53;115;4.26;33.13
1997;Ciencias da Terra;70;235;55;106;3.36;34.38
1998;Musica;30;288;65;124;9.6;40.63
1998;Artes Cenicas−Bacharelado;15;458;79;126;30.53;49.38
1998;Artes Cenicas−Licenciatura;10;119;60;100;11.9;37.5
1998;Artes Plasticas;30;450;71;122;15.0;44.38
1998;Biblioteconomia;30;199;57;118;6.63;35.63
1998;Biblioteconomia−Ufscar;40;87;40;85;2.18;25.0
1998;Cinema e Video;15;470;96;124;31.33;60.0
1998;Imagem e Som−Ufscar;40;367;70;121;9.18;43.75
1998;Editoracao;15;581;93;117;38.73;58.13
1998;Jornalismo;50;1867;95;139;37.34;59.38
1998;Publicidade e Propaganda;45;2575;93;136;57.22;58.13
1998;Radialismo;20;525;86;119;26.25;53.75
1998;Relacoes Publicas;20;677;82;109;33.85;51.25
1998;Turismo;25;1282;84;127;51.28;52.5
1998;Ciencias Sociais;200;1319;67;118;6.6;41.88
1998;Ciencias Sociais−Ufscar;40;193;59;121;4.83;36.88
1998;Filosofia;160;563;63;135;3.52;39.38
1998;Geografia;160;798;61;124;4.99;38.13
1998;Historia;260;1675;64;124;6.44;40.0
1998;Letras;808;4302;60;131;5.32;37.5
1998;Licenciatura em Letras−Ufscar;40;293;56;112;7.33;35.0
1998;Administracao;200;5021;88;132;25.11;55.0
1998;Administracao−Ribeirao Preto;40;740;80;124;18.5;50.0
1998;Ciencias Contabeis;140;1708;65;121;12.2;40.63
1998;Ciencias Contabeis−Ribeirao Preto;40;282;62;103;7.05;38.75
1998;Economia;180;2236;81;132;12.42;50.63
1998;Economia−Ribeirao Preto;40;360;71;117;9.0;44.38
1998;Arquitetura−FAU;150;2856;84;136;19.04;52.5
1998;Arquitetura−Sao Carlos;30;570;82;121;19.0;51.25
1998;Direito;450;13520;93;145;30.04;58.13
1998;Pedagogia;120;1693;56;122;14.11;35.0
1998;Pedagogia−Ufscar;50;294;49;92;5.88;30.63
1998;Economia Agroindustrial;20;239;72;121;11.95;45.0
1998;Ciencias Biologicas;180;2574;78;134;14.3;48.75
1998;Ciencias Biologicas−Unifesp;25;530;90;130;21.2;56.25
1998;Ciencias Biologicas−Ribeirao Preto;40;437;74;120;10.93;46.25
1998;Enfermagem;190;1846;58;111;9.72;36.25
1998;Enfermagem−Ribeirao Preto;80;700;58;104;8.75;36.25
1998;Farmacia−Bioquimica;135;1919;78;125;14.21;48.75
1998;Farmacia−Bioquimica−Ribeirao Preto;50;839;83;115;16.78;51.88
1998;Medicina e Ciencias Medicas;485;13087;109;146;26.98;68.13
1998;Medicina Veterinaria;80;2358;86;123;29.48;53.75
1998;Zootecnia−Pirassununga;30;332;63;107;11.07;39.38
1998;Odontologia;133;3243;85;127;24.38;53.13
1998;Odontologia−Ribeirao Preto;80;1624;82;117;20.3;51.25
1998;Odontologia−Bauru;50;739;84;129;14.78;52.5
1998;Fonoaudiologia;25;302;65;100;12.08;40.63
1998;Fonoaudiologia−Unifesp;33;483;64;107;14.64;40.0
1998;Fonoaudiologia−Bauru;25;255;65;109;10.2;40.63
1998;Tecnologia Oftalmica;30;148;63;94;4.93;39.38
1998;Fisioterapia;25;1296;92;130;51.84;57.5
1998;Fisioterapia−Ufscar;40;1475;87;121;36.88;54.38
1998;Terapia Ocupacional;55;983;69;114;17.87;43.13
1998;Nutricao;40;1226;79;118;30.65;49.38
1998;Psicologia;70;1874;82;125;26.77;51.25
1998;Psicologia−Interior;80;1607;75;118;20.09;46.88
1998;Educacao Fisica;50;1214;65;130;24.28;40.63
1998;Esporte;50;754;68;119;15.08;42.5
1998;Educacao Fisica−Ufscar;40;481;56;90;12.03;35.0
1998;Engenharia Agronomica;200;1398;65;132;6.99;40.63
1998;Engenharia Agronomica−Ufscar;40;142;51;88;3.55;31.88
1998;Engenharia Florestal;40;242;58;118;6.05;36.25
1998;Engenharia e Ciencias Exatas;874;10204;82;144;11.68;51.25
1998;Engenharia−USP/Sao Carlos;130;1346;80;137;10.35;50.0
1998;Engenharia Civil−USP/Sao Carlos;60;476;73;118;7.93;45.63
1998;Engenharia−Ufscar;230;1793;78;131;7.8;48.75
1998;Engenharia Civil−Ufscar;50;314;68;108;6.28;42.5
1998;Lic em Ciencias Exatas−USP/Sao Carlos;40;137;50;105;3.43;31.25
1998;Matematica/Estatistica−Sao Carlos;130;493;53;118;3.79;33.13
1998;Computacao−Sao Carlos;100;1487;76;135;14.87;47.5
1998;Licenciatura em Matematica/Fisica;250;1155;59;140;4.62;36.88
1998;Fisica/Meteorologia;270;955;66;133;3.54;41.25
1998;Quimica;60;378;70;123;6.3;43.75
1998;Quimica−Ribeirao Preto;50;226;60;100;4.52;37.5
1998;Quimica−USP−Sao Carlos;40;245;65;123;6.13;40.63
1998;Quimica−Ufscar;50;162;57;98;3.24;35.63
1998;Ciencias da Terra;70;328;64;127;4.69;40.0
1999;Musica;30;338;65;117;11.27;40.63
1999;Artes Cenicas − Bacharelado;15;445;77;107;29.67;48.13
1999;Artes Cenicas − Licenciatura;10;112;62;96;11.2;38.75
1999;Artes Plasticas;30;449;67;105;14.97;41.88
1999;Biblioteconomia;30;295;58;92;9.83;36.25
1999;Biblioteconomia − Ufscar;40;392;50;88;9.8;31.25
1999;Cinema e Video;15;385;93;123;25.67;58.13
1999;Imagem e Som − Ufscar;40;269;63;108;6.73;39.38
1999;Editoracao;15;401;89;135;26.73;55.63
1999;Jornalismo;50;2277;95;137;45.54;59.38
1999;Publicidade e Propaganda;45;2545;88;125;56.56;55.0
1999;Radialismo;20;567;80;123;28.35;50.0
1999;Relacoes Publicas;45;722;69;115;16.04;43.13
1999;Turismo;25;1803;85;109;72.12;53.13
1999;Ciencias Sociais;210;1257;66;117;5.99;41.25
1999;Ciencias Sociais − Ufscar;40;214;60;107;5.35;37.5
1999;Filosofia;170;660;61;111;3.88;38.13
1999;Geografia;160;766;60;109;4.79;37.5
1999;Historia;270;1526;65;119;5.65;40.63
1999;Letras;849;4179;58;130;4.92;36.25
1999;Licenciatura em Letras − Ufscar;40;344;59;119;8.6;36.88
1999;Administracao;200;5159;86;138;25.8;53.75
1999;Administracao − Ribeirao Preto;40;787;81;120;19.68;50.63
1999;Ciencias Contabeis;140;1544;65;115;11.03;40.63
1999;Ciencias Contabeis − Ribeirao Preto;40;329;60;101;8.23;37.5
1999;Economia;180;2013;79;137;11.18;49.38
1999;Economia − Ribeirao Preto;40;423;72;123;10.58;45.0
1999;Arquitetura − FAU;150;2849;82;134;18.99;51.25
1999;Arquitetura − Sao Carlos;30;585;78;121;19.5;48.75
1999;Direito;460;12498;90;138;27.17;56.25
1999;Pedagogia;120;1474;55;119;12.28;34.38
1999;Pedagogia − Ufscar;50;306;51;108;6.12;31.88
1999;Economia Agroindustrial;20;113;66;104;5.65;41.25
1999;Ciencias Biologicas;180;2717;77;131;15.09;48.13
1999;Ciencias Biologicas − Unifesp;25;456;89;129;18.24;55.63
1999;Ciencias Biologicas − Ribeirao Preto;40;596;78;113;14.9;48.75
1999;Enfermagem;190;2258;59;111;11.88;36.88
1999;Enfermagem − Ribeirao Preto;80;703;59;92;8.79;36.88
1999;Farmacia − Bioquimica;135;2147;77;124;15.9;48.13
1999;Farmacia − Bioquimica USP/Ribeirao Preto;50;866;81;117;17.32;50.63
1999;Medicina e Ciencias Medicas;485;13599;106;147;28.04;66.25
1999;Medicina Veterinaria;80;2255;82;139;28.19;51.25
1999;Zootecnia − Pirassununga;30;384;65;108;12.8;40.63
1999;Odontologia;133;2484;77;124;18.68;48.13
1999;Odontologia − Ribeirao Preto;80;1347;80;112;16.84;50.0
1999;Odontologia − Bauru;50;688;76;128;13.76;47.5
1999;Fonoaudiologia;58;919;67;111;15.84;41.88
1999;Fonoaudiologia − Bauru;25;300;62;97;12.0;38.75
1999;Tecnologia Oftalmica;30;182;58;97;6.07;36.25
1999;Fisioterapia;25;1164;86;115;46.56;53.75
1999;Fisioterapia − Ufscar;40;1381;82;126;34.53;51.25
1999;Terapia Ocupacional;55;943;69;107;17.15;43.13
1999;Nutricao;40;1147;74;113;28.68;46.25
1999;Psicologia;70;1734;77;123;24.77;48.13
1999;Psicologia − Interior;80;1772;75;113;22.15;46.88
1999;Educacao Fisica;50;1198;65;110;23.96;40.63
1999;Esporte;50;660;65;111;13.2;40.63
1999;Educacao Fisica − Ufscar;40;605;57;97;15.13;35.63
1999;Engenharia Agronomica − ESALQ/USP;200;1286;63;120;6.43;39.38
1999;Engenharia Agronomica − Ufscar;40;642;60;93;16.05;37.5
1999;Engenharia Florestal;40;285;62;98;7.13;38.75
1999;Engenharia e Ciencias Exatas;904;8609;79;148;9.52;49.38
1999;Engenharia Civil − Sao Carlos;60;531;67;129;8.85;41.88
1999;Engenharia USP/Sao Carlos;130;2287;81;129;17.59;50.63
1999;Engenharia Civil − Ufscar;50;424;63;106;8.48;39.38
1999;Engenharia −Ufscar;250;2274;74;130;9.1;46.25
1999;Lic. em Ciencias Exatas USP/Sao Carlos;40;126;49;101;3.15;30.63
1999;Matematica/Estatistica Ufscar;90;376;56;112;4.18;35.0
1999;Computacao − Sao Carlos;150;2095;71;128;13.97;44.38
1999;Licenciatura em Matematica/Fisica;260;1074;57;110;4.13;35.63
1999;Ciencias da Terra;70;267;62;109;3.81;38.75
1999;Fisica/Meteorologia;270;1003;65;144;3.71;40.63
1999;Quimica;60;394;72;129;6.57;45.0
1999;Quimica − USP/Ribeirao Preto;50;222;60;107;4.44;37.5
1999;Quimica − USP/Sao Carlos;40;137;60;102;3.43;37.5
1999;Quimica − Ufscar;50;273;60;125;5.46;37.5
2000;Administracao − Sao Paulo;210;5182;95;143;24.68;59.38
2000;Administracao − Ribeirao Preto;44;816;90;133;18.55;56.25
2000;Arquitetura − FAU;150;2726;94;132;18.17;58.75
2000;Arquitetura − Sao Carlos;30;580;93;132;19.33;58.13
2000;Artes Cenicas − Bacharelado;15;476;88;122;31.73;55.0
2000;Artes Cenicas − Licenciatura;10;178;67;89;17.8;41.88
2000;Artes Plasticas;30;722;82;112;24.07;51.25
2000;Biblioteconomia;35;322;66;111;9.2;41.25
2000;Ciencias Contabeis − Sao Paulo;150;1725;71;124;11.5;44.38
2000;Ciencias Contabeis − Ribeirao Preto;40;375;69;120;9.38;43.13
2000;Ciencias Sociais;210;1746;76;129;8.31;47.5
2000;Curso Superior do Audiovisual;35;1130;99;142;32.29;61.88
2000;Direito;460;13636;102;149;29.64;63.75
2000;Economia − Sao Paulo;180;2251;92;144;12.51;57.5
2000;Economia Agroindustrial;20;304;82;119;15.2;51.25
2000;Economia − Ribeirao Preto;40;454;86;121;11.35;53.75
2000;Editoracao;15;401;101;134;26.73;63.13
2000;Filosofia;170;1049;69;127;6.17;43.13
2000;Geografia;160;1177;70;121;7.36;43.75
2000;Historia;270;2114;73;134;7.83;45.63
2000;Jornalismo;50;2618;106;142;52.36;66.25
2000;Letras;849;5887;63;131;6.93;39.38
2000;Musica;30;107;67;115;3.57;41.88
2000;Pedagogia;120;2050;65;109;17.08;40.63
2000;Publicidade e Propaganda;50;3134;101;137;62.68;63.13
2000;Relacoes Publicas;50;1877;89;120;37.54;55.63
2000;Turismo;30;1933;97;131;64.43;60.63
2000;Ciencias Biologicas − Sao Paulo;120;2631;96;137;21.93;60.0
2000;Ciencias Biologicas − Ribeirao Preto;40;867;93;127;21.68;58.13
2000;Ciencias Biologicas − Unifesp;25;607;106;142;24.28;66.25
2000;Educacao Fisica;50;1877;81;123;37.54;50.63
2000;Enfermagem − Sao Paulo;160;2256;69;120;14.1;43.13
2000;Enfermagem − Ribeirao Preto;80;1139;70;110;14.24;43.75
2000;Engenharia Agronomica − ESALQ;200;1960;74;128;9.8;46.25
2000;Engenharia Florestal;40;335;70;118;8.38;43.75
2000;Esporte;50;845;75;120;16.9;46.88
2000;Farmacia − Bioquimica − Sao Paulo;135;2348;93;131;17.39;58.13
2000;Farmacia − Bioquimica − Ribeirao Preto;50;1041;96;129;20.82;60.0
2000;Fisioterapia − Sao Paulo;25;2328;107;137;93.12;66.88
2000;Fonoaudiologia − Sao Paulo;58;639;71;110;11.02;44.38
2000;Fonoaudiologia − Bauru;25;348;77;111;13.92;48.13
2000;Medicina e Ciencias Medicas;485;14367;117;148;29.62;73.13
2000;Medicina Veterinaria;80;2547;98;138;31.84;61.25
2000;Nutricao;40;1450;89;126;36.25;55.63
2000;Odontologia − Sao Paulo;133;2498;88;133;18.78;55.0
2000;Odontologia − Bauru;50;1009;92;127;20.18;57.5
2000;Odontologia − Ribeirao Preto;80;839;85;127;10.49;53.13
2000;Psicologia − Sao Paulo;70;2179;93;134;31.13;58.13
2000;Psicologia − Ribeirao Preto;40;1143;92;120;28.58;57.5
2000;Tecnologia Oftalmica − Unifesp;20;200;68;110;10.0;42.5
2000;Terapia Ocupacional;25;675;86;119;27.0;53.75
2000;Zootecnia − Pirassununga;40;562;75;115;14.05;46.88
2000;Ciencias da Terra;70;352;70;129;5.03;43.75
2000;Computacao − Sao Carlos;80;2502;98;134;31.28;61.25
2000;Engenharia e Ciencias Exatas;874;10763;94;156;12.31;58.75
2000;Engenharia Civil − Sao Carlos;60;747;81;135;12.45;50.63
2000;Engenharia − Sao Carlos;130;2150;97;133;16.54;60.63
2000;Fisica Medica − Ribeirao Preto;40;617;88;127;15.43;55.0
2000;Fisica / Meteorologia;220;1172;77;143;5.33;48.13
2000;Licenc em Ciencias Exatas − Sao Carlos;50;359;61;104;7.18;38.13
2000;Licenciatura em Matematica / Fisica;260;1707;65;122;6.57;40.63
2000;Matematica − Sao Carlos;35;223;70;123;6.37;43.75
2000;Quimica − Sao Paulo;60;508;79;129;8.47;49.38
2000;Quimica − Ribeirao Preto;50;255;70;111;5.1;43.75
2000;Quimica − Sao Carlos;40;442;78;137;11.05;48.75
2001;Administracao − Sao Paulo;210;5968;98;142;28.42;61.25
2001;Administracao − Ribeirao Preto;44;767;92;140;17.43;57.5
2001;Arquitetura − FAU;150;2557;91;133;17.05;56.88
2001;Arquitetura − Sao Carlos;30;532;90;133;17.73;56.25
2001;Artes Cenicas − Bacharelado;15;426;87;120;28.4;54.38
2001;Artes Cenicas − Licenciatura;10;235;79;101;23.5;49.38
2001;Artes Plasticas;30;128;80;125;4.27;50.0
2001;Biblioteconomia;35;419;69;108;11.97;43.13
2001;Ciencias Contabeis − Sao Paulo;150;1646;74;120;10.97;46.25
2001;Ciencias Contabeis − Ribeirao Preto;40;370;75;115;9.25;46.88
2001;Ciencias Sociais;210;1999;80;132;9.52;50.0
2001;Curso Superior do Audiovisual;35;1254;100;137;35.83;62.5
2001;Direito;460;12195;101;143;26.51;63.13
2001;Economia − Sao Paulo;180;1847;88;138;10.26;55.0
2001;Economia Agroindustrial;20;137;77;111;6.85;48.13
2001;Economia − Ribeirao Preto;40;363;84;128;9.08;52.5
2001;Editoracao;15;341;98;130;22.73;61.25
2001;Filosofia;170;804;71;123;4.73;44.38
2001;Geografia;160;1214;73;133;7.59;45.63
2001;Historia;270;2495;75;128;9.24;46.88
2001;Jornalismo;50;2700;107;140;54.0;66.88
2001;Letras;849;6987;66;136;8.23;41.25
2001;Musica;30;108;67;127;3.6;41.88
2001;Pedagogia;180;2052;64;134;11.4;40.0
2001;Publicidade e Propaganda;50;3551;103;125;71.02;64.38
2001;Relacoes Publicas;50;1445;91;127;28.9;56.88
2001;Turismo;30;1665;94;128;55.5;58.75
2001;Ciencias Biologicas − Sao Paulo;120;2936;100;144;24.47;62.5
2001;Ciencias Biologicas − Ribeirao Preto;40;882;97;133;22.05;60.63
2001;Ciencias Biologicas − Unifesp;30;554;98;139;18.47;61.25
2001;Educacao Fisica;50;1507;79;121;30.14;49.38
2001;Enfermagem − Sao Paulo;160;2537;74;116;15.86;46.25
2001;Enfermagem − Ribeirao Preto;80;693;72;118;8.66;45.0
2001;Engenharia Agronomica − ESALQ;200;1492;75;125;7.46;46.88
2001;Engenharia Florestal;40;431;77;126;10.78;48.13
2001;Esporte;50;962;79;117;19.24;49.38
2001;Farmacia − Bioquimica − Ribeirao Preto;50;793;96;130;15.86;60.0
2001;Farmacia − Bioquimica − Sao Paulo;144;2324;93;142;16.14;58.13
2001;Fisioterapia − Sao Paulo;25;1681;101;134;67.24;63.13
2001;Fonoaudiologia − Sao Paulo;58;900;80;121;15.52;50.0
2001;Fonoaudiologia − Bauru;25;217;70;104;8.68;43.75
2001;Medicina e Ciencias Medicas;485;13660;118;146;28.16;73.75
2001;Medicina Veterinaria;80;2493;96;127;31.16;60.0
2001;Nutricao;80;1584;80;133;19.8;50.0
2001;Odontologia − Sao Paulo;133;1872;84;127;14.08;52.5
2001;Odontologia − Bauru;50;395;83;121;7.9;51.88
2001;Odontologia − Ribeirao Preto;80;1116;86;120;13.95;53.75
2001;Psicologia − Sao Paulo;70;2294;95;130;32.77;59.38
2001;Psicologia − Ribeirao Preto;40;1206;95;123;30.15;59.38
2001;Tecnologia Oftalmica − Unifesp;20;195;71;108;9.75;44.38
2001;Terapia Ocupacional;25;783;90;114;31.32;56.25
2001;Zootecnia − Pirassununga;40;580;80;120;14.5;50.0
2001;Ciencias dos Alimentos − Piracicaba;40;447;72;109;11.18;45.0
2001;Engenharia de Alimentos − Pirassununga;40;548;85;123;13.7;53.13
2001;Ciencias da Terra;70;377;72;143;5.39;45.0
2001;Computacao − Sao Carlos;40;1210;105;139;30.25;65.63
2001;Engenharia ,Computacao e Matematica;874;11744;95;150;13.44;59.38
2001;Engenharia Civil − Sao Carlos;60;582;81;124;9.7;50.63
2001;Engenharia − Sao Carlos;130;2439;96;138;18.76;60.0
2001;Fisica Medica − Ribeirao Preto;40;326;88;135;8.15;55.0
2001;Fisica / Meteorologia;220;1378;80;141;6.26;50.0
2001;Informatica − Sao Carlos;40;375;75;138;9.38;46.88
2001;Licenc. em Ciencias Exatas − Sao Carlos;50;209;65;104;4.18;40.63
2001;Licenciatura em Matematica / Fisica;260;1686;69;138;6.48;43.13
2001;Matematica − Sao Carlos;35;247;78;138;7.06;48.75
2001;Quimica − Sao Paulo;60;663;84;130;11.05;52.5
2001;Quimica − Ribeirao Preto;40;473;80;115;11.83;50.0
2001;Quimica − Sao Carlos;40;251;78;112;6.28;48.75
2002;Administracao − Ribeirao Preto;44;822;89;131;18.68;55.63
2002;Administracao − Sao Paulo;210;5575;95;138;26.55;59.38
2002;Arquitetura − FAU;150;2376;89;140;15.84;55.63
2002;Arquitetura − Sao Carlos;30;460;86;120;15.33;53.75
2002;Artes Cenicas − Bacharelado;15;582;89;114;38.8;55.63
2002;Artes Cenicas − Licenciatura;10;141;71;105;14.1;44.38
2002;Artes Plasticas;30;128;78;112;4.27;48.75
2002;Biblioteconomia;35;346;68;111;9.89;42.5
2002;Ciencias Contabeis − Ribeirao Preto;40;246;73;102;6.15;45.63
2002;Ciencias Contabeis − Sao Paulo;150;1373;74;122;9.15;46.25
2002;Ciencias Sociais;210;2188;79;132;10.42;49.38
2002;Curso Superior do Audiovisual;35;1632;101;131;46.63;63.13
2002;Direito;460;11401;99;140;24.78;61.88
2002;Economia Agroindustrial;20;120;73;111;6.0;45.63
2002;Economia − Ribeirao Preto;40;365;85;129;9.13;53.13
2002;Economia − Sao Paulo;180;2116;92;136;11.76;57.5
2002;Editoracao;15;403;98;128;26.87;61.25
2002;Filosofia;170;1034;73;134;6.08;45.63
2002;Geografia;160;1271;71;129;7.94;44.38
2002;Gestao Ambiental;40;686;83;122;17.15;51.88
2002;Historia;270;2779;75;146;10.29;46.88
2002;Jornalismo;60;3012;105;132;50.2;65.63
2002;Letras;849;6392;66;126;7.53;41.25
2002;Musica − Sao Paulo;35;105;67;112;3.0;41.88
2002;Musica − Ribeirao Preto;30;23;44;107;0.77;27.5
2002;Pedagogia − Ribeirao Preto;50;326;60;99;6.52;37.5
2002;Pedagogia − Sao Paulo;180;1930;62;114;10.72;38.75
2002;Publicidade e Propaganda;50;3585;100;143;71.7;62.5
2002;Relacoes Internacionais;60;3136;103;135;52.27;64.38
2002;Relacoes Publicas;50;1146;85;126;22.92;53.13
2002;Turismo;30;1480;86;125;49.33;53.75
2002;Agrobiologia − Piracicaba;30;404;83;119;13.47;51.88
2002;Ciencias Biologicas − Ribeirao Preto;40;873;95;150;21.83;59.38
2002;Ciencias Biologicas − Sao Paulo;120;3071;100;132;25.59;62.5
2002;Ciencias dos Alimentos − Piracicaba;40;511;77;116;12.78;48.13
2002;Educacao Fisica;50;1579;80;112;31.58;50.0
2002;Enfermagem − Ribeirao Preto;80;818;73;123;10.23;45.63
2002;Enfermagem − Sao Paulo;160;2033;69;118;12.71;43.13
2002;Engenharia Agronomica − ESALQ;200;1205;72;127;6.03;45.0
2002;Engenharia Florestal;40;280;76;125;7.0;47.5
2002;Esporte;50;771;74;117;15.42;46.25
2002;Farmacia Bioquimica − Ribeirao Preto;80;1124;89;138;14.05;55.63
2002;Farmacia Bioquimica − Sao Paulo;150;2239;91;132;14.93;56.88
2002;Fisioterapia;65;2312;91;134;35.57;56.88
2002;Fonoaudiologia − Bauru;25;259;71;103;10.36;44.38
2002;Fonoaudiologia − Sao Paulo;75;495;68;116;6.6;42.5
2002;Medicina e Ciencias Medicas;375;12846;119;146;34.26;74.38
2002;Medicina Veterinaria;80;2391;94;135;29.89;58.75
2002;Nutricao;80;1563;79;118;19.54;49.38
2002;Odontologia − Bauru;50;534;78;119;10.68;48.75
2002;Odontologia − Ribeirao Preto;80;664;79;115;8.3;49.38
2002;Odontologia − Sao Paulo;133;1575;80;126;11.84;50.0
2002;Psicologia − Ribeirao Preto;40;1086;91;127;27.15;56.88
2002;Psicologia − Sao Paulo;70;2181;92;130;31.16;57.5
2002;Terapia Ocupacional;45;801;80;120;17.8;50.0
2002;Zootecnia − Pirassununga;40;426;74;108;10.65;46.25
2002;Ciencias da Terra;70;278;70;119;3.97;43.75
2002;Computacao − Sao Carlos;40;959;99;140;23.98;61.88
2002;Engenharia Aeronautica;40;959;103;138;23.98;64.38
2002;Engenharia, Computacao e Matem. Aplicada;870;11608;95;149;13.34;59.38
2002;Engenharia Civil − Sao Carlos;60;513;78;128;8.55;48.75
2002;Engenharia de Alimentos − Pirassununga;40;521;84;125;13.03;52.5
2002;Engenharia − Sao Carlos;130;2509;97;138;19.3;60.63
2002;Fisica Medica − Ribeirao Preto;40;301;84;118;7.53;52.5
2002;Fisica/Meteorologia/Estatist./Matematica;280;1686;78;140;6.02;48.75
2002;Informatica − Sao Carlos;40;469;79;119;11.73;49.38
2002;Licenc. em Ciencias Exatas − Sao Carlos;50;207;64;104;4.14;40.0
2002;Licenciatura em Matematica / Fisica;260;1467;67;137;5.64;41.88
2002;Matematica − Sao Carlos;35;217;74;130;6.2;46.25
2002;Oceanografia;40;614;80;128;15.35;50.0
2002;Quimica − Sao Paulo;60;618;82;124;10.3;51.25
2002;Quimica − Ribeirao Preto;40;249;76;123;6.23;47.5
2002;Quimica − Sao Carlos;40;411;80;124;10.28;50.0
2003;ADMINISTRACAO − RIBEIRAO PRETO;44;934;58;78;21.23;58.0
2003;ADMINISTRACAO;210;6052;61;86;28.82;61.0
2003;ARQUITETURA − FAU;150;2563;58;85;17.09;58.0
2003;ARQUITETURA − SAO CARLOS;30;596;56;83;19.87;56.0
2003;ARTES CENICAS − BACHARELADO;15;608;58;78;40.53;58.0
2003;ARTES CENICAS − LICENCIATURA;10;148;51;67;14.8;51.0
2003;ARTES PLASTICAS;30;120;42;77;4.0;42.0
2003;BIBLIOTECONOMIA;35;485;46;68;13.86;46.0
2003;CIENCIAS CONTABEIS − RIBEIRAO PRETO;40;239;43;73;5.98;43.0
2003;CIENCIAS CONTABEIS;150;1559;49;73;10.39;49.0
2003;CIENC. DA INFORMACAO E DA DOC. − R PRETO;40;132;31;70;3.3;31.0
2003;CIENCIAS SOCIAIS;210;2411;52;88;11.48;52.0
2003;CURSO SUPERIOR DO AUDIOVISUAL;35;1879;67;86;53.69;67.0
2003;DIREITO;460;12387;64;88;26.93;64.0
2003;ECONOMIA AGROINDUSTRIAL − PIRACICABA;20;191;52;81;9.55;52.0
2003;ECONOMIA − RIBEIRAO PRETO;40;398;54;73;9.95;54.0
2003;ECONOMIA;180;2615;60;90;14.53;60.0
2003;EDITORACAO;15;450;63;78;30.0;63.0
2003;FILOSOFIA;170;1018;42;78;5.99;42.0
2003;GEOGRAFIA;170;1448;46;91;8.52;46.0
2003;GESTAO AMBIENTAL − PIRACICABA;40;840;54;80;21.0;54.0
2003;HISTORIA;270;3105;50;77;11.5;50.0
2003;JORNALISMO;60;3250;67;90;54.17;67.0
2003;LETRAS;849;7176;43;82;8.45;43.0
2003;MUSICA;35;144;38;69;4.11;38.0
2003;MUSICA − RIBEIRAO PRETO;30;30;25;70;1.0;25.0
2003;PEDAGOGIA − RIBEIRAO PRETO;50;382;39;62;7.64;39.0
2003;PEDAGOGIA;180;2442;43;77;13.57;43.0
2003;PUBLICIDADE E PROPAGANDA;50;3545;64;82;70.9;64.0
2003;RELACOES INTERNACIONAIS;60;2273;68;90;37.88;68.0
2003;RELACOES PUBLICAS;50;1420;57;77;28.4;57.0
2003;TURISMO;30;1460;57;77;48.67;57.0
2003;CIENCIAS BIOLOGICAS − PIRACICABA;30;547;56;72;18.23;56.0
2003;CIENCIAS BIOLOGICAS − RIBEIRAO PRETO;40;971;63;81;24.28;63.0
2003;CIENCIAS BIOLOGICAS − SAO PAULO;120;3138;64;89;26.15;64.0
2003;CIENCIAS DOS ALIMENTOS − PIRACICABA;40;478;49;74;11.95;49.0
2003;EDUCACAO FISICA;50;1591;51;71;31.82;51.0
2003;ENFERMAGEM − RIBEIRAO PRETO;80;847;47;77;10.59;47.0
2003;ENFERMAGEM;160;2177;48;80;13.61;48.0
2003;ENGENHARIA AGRONOMICA − PIRACICABA;200;1455;44;85;7.28;44.0
2003;ENGENHARIA FLORESTAL − PIRACICABA;40;382;49;69;9.55;49.0
2003;ESPORTE;50;926;49;73;18.52;49.0
2003;FARMACIA BIOQUIMICA − RIBEIRAO PRETO;80;1361;59;80;17.01;59.0
2003;FARMACIA BIOQUIMICA;150;2612;60;86;17.41;60.0
2003;FISIOTERAPIA;65;2607;60;83;40.11;60.0
2003;FONOAUDIOLOGIA − BAURU;25;165;42;69;6.6;42.0
2003;FONOAUDIOLOGIA − RIBEIRAO PRETO;30;98;31;62;3.27;31.0
2003;FONOAUDIOLOGIA;75;534;43;74;7.12;43.0
2003;MEDICINA;375;13930;75;92;37.15;75.0
2003;MEDICINA VETERINARIA;80;2554;61;81;31.93;61.0
2003;NUTRICAO E METABOLISMO − RIBEIRAO PRETO;30;315;50;78;10.5;50.0
2003;NUTRICAO;80;1966;54;81;24.58;54.0
2003;ODONTOLOGIA − BAURU;50;402;49;80;8.04;49.0
2003;ODONTOLOGIA − RIBEIRAO PRETO;80;837;50;78;10.46;50.0
2003;ODONTOLOGIA;133;1484;51;90;11.16;51.0
2003;PSICOLOGIA − RIBEIRAO PRETO;40;1164;58;77;29.1;58.0
2003;PSICOLOGIA;70;2271;60;79;32.44;60.0
2003;TERAPIA OCUPACIONAL;45;987;54;71;21.93;54.0
2003;ZOOTECNIA − PIRASSUNUNGA;40;426;48;71;10.65;48.0
2003;CIENCIAS DA TERRA;50;404;45;78;8.08;45.0
2003;COMPUTACAO − SAO CARLOS;100;1379;54;81;13.79;54.0
2003;ENGENHARIA AERONAUTICA − SAO CARLOS;40;772;65;87;19.3;65.0
2003;ENGENHARIA AMBIENTAL − SAO CARLOS;40;549;54;78;13.73;54.0
2003;ENGENHARIA, COMPUTACAO E MATEM. APLICADA;870;10366;59;93;11.91;59.0
2003;ENGENHARIA CIVIL − SAO CARLOS;60;625;52;79;10.42;52.0
2003;ENGENHARIA DE ALIMENTOS − PIRASSUNUNGA;40;633;58;76;15.83;58.0
2003;ENGENHARIA − SAO CARLOS;280;4144;59;86;14.8;59.0
2003;FISICA MEDICA − RIBEIRAO PRETO;40;323;53;79;8.08;53.0
2003;FISICA/METEOROLOGIA/GEOFISICA/ESTAT/MAT;300;2103;48;90;7.01;48.0
2003;INFORMATICA BIOMEDICA − RIBEIRAO PRETO;40;270;45;82;6.75;45.0
2003;INFORMATICA − SAO CARLOS;40;370;47;73;9.25;47.0
2003;LIC. EM CIENCIAS EXATAS − SAO CARLOS;50;212;36;75;4.24;36.0
2003;LICENCIATURA EM MATEMATICA / FISICA;260;1630;41;77;6.27;41.0
2003;MATEMATICA − SAO CARLOS;55;201;34;74;3.65;34.0
2003;OCEANOGRAFIA;40;651;53;76;16.28;53.0
2003;QUIMICA − BACHARELADO E LICENCIATURA;60;641;55;80;10.68;55.0
2003;QUIMICA − LICENCIATURA;30;95;28;72;3.17;28.0
2003;QUIMICA AMBIENTAL;30;160;41;72;5.33;41.0
2003;QUIMICA − RIBEIRAO PRETO;80;379;41;74;4.74;41.0
2003;QUIMICA − SAO CARLOS;40;361;50;87;9.03;50.0
2004;Administração − Ribeirão Preto;45;818;62;86;18.07;62.0
2004;Administração;210;6230;65;95;29.46;65.0
2004;Arquitetura − FAU;150;2571;62;86;16.99;62.0
2004;Arquitetura − São Carlos;30;613;61;83;20.3;61.0
2004;Artes Cênicas − Bacharelado;15;685;64;85;45.2;64.0
2004;Artes Cênicas − Licenciatura;10;187;54;72;18.6;54.0
2004;Artes Plásticas;30;123;42;81;4.1;42.0
2004;Biblioteconomia;35;453;49;75;12.83;49.0
2004;Ciências Contábeis − Ribeirão Preto;45;287;44;69;6.36;44.0
2004;Ciências Contábeis;150;1643;52;84;10.91;52.0
2004;Ciências da Informação e da Documentação − Ribeirão Preto;40;281;43;73;6.75;43.0
2004;Ciências Sociais;210;2502;57;89;11.87;57.0
2004;Curso Superior do Audiovisual;35;1989;70;88;56.31;70.0
2004;Direito;460;11919;68;93;25.65;68.0
2004;Economia Agroindustrial − Piracicaba;30;215;51;88;7.07;51.0
2004;Economia − Ribeirão Preto;45;449;57;89;9.93;57.0
2004;Economia;180;2341;63;90;12.91;63.0
2004;Editoração;15;360;64;81;24.0;64.0
2004;Filosofia;170;1289;48;84;7.43;48.0
2004;Geografia;170;1828;52;83;10.74;52.0
2004;Gestão Ambiental − Piracicaba;40;611;56;88;15.13;56.0
2004;História;270;3585;55;89;13.21;55.0
2004;Jornalismo;60;2880;70;91;47.72;70.0
2004;Letras;849;7709;47;89;9.04;47.0
2004;Música;35;159;40;82;4.54;40.0
2004;Música − Ribeirão Preto;30;44;25;74;1.4;25.0
2004;Pedagogia − Ribeirão Preto;50;415;46;70;8.24;46.0
2004;Pedagogia;180;2462;46;80;13.66;46.0
2004;Publicidade e Propaganda;50;3136;68;88;61.8;68.0
2004;Relações Internacionais;60;2094;71;93;34.58;71.0
2004;Relações Públicas;50;1371;61;84;27.32;61.0
2004;Turismo;30;1344;59;82;44.37;59.0
2004;Ciências Biológicas − Piracicaba;30;691;64;79;22.87;64.0
2004;Ciências Biológicas − Ribeirão Preto;40;856;66;85;21.28;66.0
2004;Ciências Biológicas − São Paulo;120;3003;66;88;24.84;66.0
2004;Ciências dos Alimentos − Piracicaba;40;484;53;79;12.03;53.0
2004;Educação Física;50;1811;56;84;36.0;56.0
2004;Enfermagem − Ribeirão Preto;80;870;51;82;10.85;51.0
2004;Enfermagem;160;2288;51;81;14.28;51.0
2004;Engenharia Agrônomica − Piracicaba;200;1535;49;82;7.57;49.0
2004;Engenharia Florestal − Piracicaba;40;323;50;75;7.98;50.0
2004;Esporte;50;743;52;81;14.8;52.0
2004;Farmácia−Bioquímica − Ribeirão Preto;80;1222;61;85;15.2;61.0
2004;Farmácia−Bioquímica;150;2460;62;86;16.31;62.0
2004;Fisioterapia;65;2549;63;86;38.95;63.0
2004;Fonoaudiologia − Bauru;25;125;40;72;4.56;40.0
2004;Fonoaudiologia − Ribeirão Preto;30;518;51;68;16.4;51.0
2004;Fonoaudiologia;75;472;44;73;6.28;44.0
2004;Medicina e Ciências Médicas;375;13432;78;96;35.43;78.0
2004;Medicina Veterinária;80;2401;64;87;29.75;64.0
2004;Nutrição e Metabolismo − Ribeirão Preto;30;517;57;73;17.23;57.0
2004;Nutrição;80;2004;57;81;24.9;57.0
2004;Odontologia − Bauru;50;516;53;81;10.28;53.0
2004;Odontologia − Ribeirão Preto;80;658;51;80;8.16;51.0
2004;Odontologia;133;1409;53;85;10.52;53.0
2004;Psicologia − Ribeirão Preto;40;1175;64;86;29.13;64.0
2004;Psicologia;70;2069;64;84;29.3;64.0
2004;Terapia Ocupacional;45;822;56;79;18.22;56.0
2004;Zootecnia − Pirassununga;40;428;50;76;10.6;50.0
2004;Ciências Geológicas e Ambientais;50;221;40;81;4.4;40.0
2004;Computação − São Carlos;100;1149;58;85;11.43;58.0
2004;Engenharia Aeronáutica − São Carlos;40;745;71;92;18.43;71.0
2004;Engenharia Ambiental − São Carlos;40;641;61;81;15.78;61.0
2004;Engenharia, Computação e Matemática Aplicada;870;9676;63;95;11.06;63.0
2004;Engenharia Civil − São Carlos;60;591;54;87;9.7;54.0
2004;Engenharia de Alimentos − Pirassununga;100;691;51;83;6.87;51.0
2004;Engenharia − São Carlos;280;4869;64;92;17.17;64.0
2004;Física Médica − Ribeirão Preto;40;307;54;76;7.63;54.0
2004;Física / Meteorologia / Geofísica / Estatística / Matemática;330;2090;50;98;6.29;50.0
2004;Informática Biomédica − Ribeirão Preto;40;487;56;88;12.1;56.0
2004;Informática − São Carlos;40;376;50;71;9.38;50.0
2004;Licenciatura em Ciências Exatas − São Carlos;50;240;40;69;4.74;40.0
2004;Licenciatura em Geociências e Educação Ambiental;40;265;46;68;6.63;46.0
2004;Licenciatura em Matemática / Física;260;1856;44;87;7.11;44.0
2004;Matemática Aplicada − Ribeirão Preto;45;160;34;77;3.51;34.0
2004;Matemática − São Carlos;55;360;46;79;6.38;46.0
2004;Oceanografia;40;539;56;96;13.28;56.0
2004;Química − Bacharelado e Licenciatura;60;696;58;91;11.52;58.0
2004;Química − Licenciatura;30;599;55;84;19.4;55.0
2004;Química Ambiental;30;337;52;74;11.0;52.0
2004;Química (Bacharelado e Bacharelado com Atribuições Tecnológicas)−Ribeirão Preto;40;307;51;81;7.65;51.0
2004;Química (Licenciatura) − Ribeirão Preto;40;176;39;81;4.33;39.0
2004;Química − São Carlos;60;496;53;79;8.22;53.0
2005;Administração;210;6170;69;90;29.38;69.0
2005;Administração − Ribeirão Preto;45;875;67;88;19.44;67.0
2005;Arquitetura e Urbanismo − FAU;150;2290;64;92;15.27;64.0
2005;Arquitetura e Urbanismo − São Carlos;30;572;65;87;19.07;65.0
2005;Artes Cênicas − Bacharelado;15;586;67;82;39.07;67.0
2005;Artes Cênicas − Licenciatura;10;260;63;73;26.0;63.0
2005;Artes Plásticas;30;121;49;81;4.03;49.0
2005;Arte e Tecnologia − USP Leste, SP;60;485;47;75;8.08;47.0
2005;Biblioteconomia;35;501;53;75;14.31;53.0
2005;Ciências Contábeis;150;1671;56;83;11.14;56.0
2005;Ciências Contábeis − Ribeirão Preto;45;390;54;73;8.67;54.0
2005;Ciências da Informação e da Documentação − Ribeirão Preto;40;243;45;75;6.08;45.0
2005;Ciências Sociais;210;2224;59;87;10.59;59.0
2005;Ciências Econômicas − Piracicaba;30;391;62;84;13.03;62.0
2005;Curso Superior do Audiovisual;35;1828;75;89;52.23;75.0
2005;Direito;460;10424;71;93;22.66;71.0
2005;Economia;180;2226;68;92;12.37;68.0
2005;Economia − Ribeirão Preto;45;377;59;85;8.38;59.0
2005;Editoração;15;368;69;84;24.53;69.0
2005;Filosofia;170;1311;52;88;7.71;52.0
2005;Geografia;170;1781;56;82;10.48;56.0
2005;Gestão Ambiental − USP Leste, SP;120;540;38;91;4.5;38.0
2005;Gestão Ambiental − Piracicaba;40;474;58;81;11.85;58.0
2005;Gestão de Políticas Públicas − USP Leste, SP;120;441;33;80;3.68;33.0
2005;História;270;3932;59;89;14.56;59.0
2005;Jornalismo;60;2816;73;92;46.93;73.0
2005;Lazer e Turismo − USP Leste, SP;120;892;41;81;7.43;41.0
2005;Letras;849;8100;51;92;9.54;51.0
2005;Marketing − USP Leste, SP;120;921;47;77;7.68;47.0
2005;Música;35;155;43;84;4.43;43.0
2005;Música − Ribeirão Preto;30;43;25;73;1.43;25.0
2005;Pedagogia;180;2854;50;78;15.86;50.0
2005;Pedagogia − Ribeirão Preto;50;427;46;72;8.54;46.0
2005;Publicidade e Propaganda;50;2818;70;90;56.36;70.0
2005;Relações Internacionais;60;2119;75;92;35.32;75.0
2005;Relações Públicas;50;1380;65;80;27.6;65.0
2005;Turismo;30;1006;62;82;33.53;62.0
2005;Ciências Biológicas;120;3463;71;92;28.86;71.0
2005;Ciências Biológicas − Piracicaba;30;492;63;85;16.4;63.0
2005;Ciências Biológicas − Ribeirão Preto;40;892;68;88;22.3;68.0
2005;Ciências da Atividade Física − USP Leste, SP;60;158;25;65;2.63;25.0
2005;Ciência dos Alimentos − Piracicaba;40;436;54;82;10.9;54.0
2005;Educação Física;50;1798;58;84;35.96;58.0
2005;Enfermagem;80;2187;61;83;27.34;61.0
2005;Enfermagem − Santa Casa;80;151;25;66;1.89;25.0
2005;Enfermagem − Ribeirão Preto;80;865;55;76;10.81;55.0
2005;Engenharia Agronômica − Piracicaba;200;1987;56;87;9.94;56.0
2005;Engenharia Florestal − Piracicaba;40;266;52;84;6.65;52.0
2005;Esporte;50;685;56;83;13.7;56.0
2005;Farmácia−Bioquímica;150;2489;66;90;16.59;66.0
2005;Farmácia−Bioquímica − Ribeirão Preto;80;1242;65;86;15.53;65.0
2005;Fisioterapia;65;2393;65;88;36.82;65.0
2005;Fonoaudiologia;25;474;58;82;18.96;58.0
2005;Fonoaudiologia − Santa Casa;50;19;25;55;0.38;25.0
2005;Fonoaudiologia − Bauru;25;225;53;75;9.0;53.0
2005;Fonoaudiologia − Ribeirão Preto;30;174;45;71;5.8;45.0
2005;Gerontologia − USP Leste, SP;60;194;28;76;3.23;28.0
2005;Medicina e Ciências Médicas;375;11890;81;95;31.71;81.0
2005;Medicina Veterinária;80;2158;67;88;26.98;67.0
2005;Nutrição;80;2020;61;84;25.25;61.0
2005;Nutrição e Metabolismo − Ribeirão Preto;30;443;59;77;14.77;59.0
2005;Obstetrícia − USP Leste, SP;60;428;43;75;7.13;43.0
2005;Odontologia;133;1377;56;88;10.35;56.0
2005;Odontologia − Bauru;50;290;51;82;5.8;51.0
2005;Odontologia − Ribeirão Preto;80;692;56;79;8.65;56.0
2005;Psicologia;70;2187;67;86;31.24;67.0
2005;Psicologia − Ribeirão Preto;40;1034;67;84;25.85;67.0
2005;Terapia Ocupacional;45;788;59;81;17.51;59.0
2005;Zootecnia − Pirassununga;40;435;54;80;10.88;54.0
2005;Ciências da Natureza − USP Leste, SP;120;264;25;69;2.2;25.0
2005;Computação − São Carlos;100;1063;60;89;10.63;60.0
2005;Engenharia Aeronáutica − São Carlos;40;642;74;93;16.05;74.0
2005;Engenharia Ambiental − São Carlos;40;541;63;85;13.53;63.0
2005;Engenharia Civil − São Carlos;60;588;58;85;9.8;58.0
2005;Engenharia, Computação e Matemática Aplicada;870;8912;67;96;10.24;67.0
2005;Engenharia de Alimentos − Pirassununga;100;866;57;82;8.66;57.0
2005;Engenharia − São Carlos;280;4753;67;93;16.98;67.0
2005;Física Médica − Ribeirão Preto;40;345;60;84;8.63;60.0
2005;Física / Meteorologia / Geofísica / Estatística / Matemática;330;1960;52;92;5.94;52.0
2005;Geologia;50;301;50;85;6.02;50.0
2005;Informática Biomédica − Ribeirão Preto;40;318;59;88;7.95;59.0
2005;Informática − São Carlos;40;274;50;81;6.85;50.0
2005;Licenciatura em Ciências Exatas − São Carlos;50;205;39;94;4.1;39.0
2005;Licenciatura em Geociências e Educação Ambiental;40;88;25;72;2.2;25.0
2005;Licenciatura em Matemática / Física;260;1843;47;88;7.09;47.0
2005;Matemática Aplicada − Ribeirão Preto;45;307;50;79;6.82;50.0
2005;Matemática − São Carlos;55;298;46;85;5.42;46.0
2005;Oceanografia;40;894;63;84;22.35;63.0
2005;Química Ambiental;30;235;55;79;7.83;55.0
2005;Química − Bacharelado (Bach. e Bach. com Atrib. Tecnológicas) − Ribeirão Preto;40;306;55;82;7.65;55.0
2005;Química − Bacharelado e Licenciatura;60;674;63;96;11.23;63.0
2005;Química − Licenciatura;30;202;46;78;6.73;46.0
2005;Química (licenciatura) − Ribeirão Preto;40;276;48;75;6.9;48.0
2005;Química − São Carlos;60;569;57;85;9.48;57.0
2005;Sistemas de Informação − USP Leste, SP;180;1721;48;79;9.56;48.0
2006;ADMINISTRACAO;210;7231;61;84;34.43;61.0
2006;ADMINISTRACAO − RIBEIRAO PRETO;105;1225;53;82;11.67;53.0
2006;ARQUITETURA − FAU;150;2267;57;80;15.11;57.0
2006;ARQUITETURA − SAO CARLOS;30;688;58;76;22.93;58.0
2006;ARTES CENICAS − BACHARELADO;15;576;59;72;38.4;59.0
2006;ARTES CENICAS − LICENCIATURA;10;208;54;71;20.8;54.0
2006;ARTES PLASTICAS;30;131;43;70;4.37;43.0
2006;ARTE E TECNOLOGIA − USP LESTE, SP;60;451;39;69;7.52;39.0
2006;ATUARIA;50;475;47;71;9.5;47.0
2006;BIBLIOTECONOMIA;35;511;46;69;14.6;46.0
2006;CIENCIAS CONTABEIS;150;1930;49;74;12.87;49.0
2006;CIENCIAS CONTABEIS − RIBEIRAO PRETO;45;250;40;74;5.56;40.0
2006;CIENCIAS DA INFORMACAO E DA DOCUMENTACAO − RIBEIRAO PRETO;40;196;37;72;4.9;37.0
2006;CIENCIAS SOCIAIS;210;2518;53;80;11.99;53.0
2006;CIENCIAS ECONOMICAS − PIRACICABA;30;202;48;71;6.73;48.0
2006;CURSO SUPERIOR DO AUDIOVISUAL;35;1588;68;84;45.37;68.0
2006;DESIGN;40;1730;61;77;43.25;61.0
2006;DIREITO;460;10764;63;91;23.4;63.0
2006;ECONOMIA;180;2257;59;84;12.54;59.0
2006;ECONOMIA EMPRESARIAL E CONTROLADORIA − RIBEIRAO PRETO;70;416;47;82;5.94;47.0
2006;ECONOMIA − RIBEIRAO PRETO;45;460;55;80;10.22;55.0
2006;EDITORACAO;15;326;58;80;21.73;58.0
2006;FILOSOFIA;170;1499;47;87;8.82;47.0
2006;GEOGRAFIA;170;1652;47;72;9.72;47.0
2006;GESTAO AMBIENTAL − USP LESTE, SP;120;1358;45;72;11.32;45.0
2006;GESTAO AMBIENTAL − PIRACICABA;40;401;50;70;10.03;50.0
2006;GESTAO DE POLITICAS PUBLICAS − USP LESTE, SP;120;1405;46;70;11.71;46.0
2006;HISTORIA;270;3881;52;77;14.37;52.0
2006;JORNALISMO;60;3262;65;84;54.37;65.0
2006;LAZER E TURISMO − USP LESTE, SP;120;1625;43;70;13.54;43.0
2006;LETRAS;849;7827;44;86;9.22;44.0
2006;MARKETING − USP LESTE, SP;120;2426;50;72;20.22;50.0
2006;MUSICA;35;114;30;71;3.26;30.0
2006;MUSICA − RIBEIRAO PRETO;30;39;25;64;1.3;25.0
2006;PEDAGOGIA;180;3310;42;75;18.39;42.0
2006;PEDAGOGIA − RIBEIRAO PRETO;50;483;41;71;9.66;41.0
2006;PUBLICIDADE E PROPAGANDA;50;3083;62;77;61.66;62.0
2006;RELACOES INTERNACIONAIS;60;2399;67;89;39.98;67.0
2006;RELACOES PUBLICAS;50;1408;57;73;28.16;57.0
2006;TURISMO;30;1043;50;68;34.77;50.0
2006;CIENCIAS BIOLOGICAS;120;3156;61;91;26.3;61.0
2006;CIENCIAS BIOLOGICAS − PIRACICABA;30;717;58;77;23.9;58.0
2006;CIENCIAS BIOLOGICAS − RIBEIRAO PRETO;40;935;60;78;23.38;60.0
2006;CIENCIAS DA ATIVIDADE FISICA − USP LESTE, SP;60;518;38;63;8.63;38.0
2006;CIENCIAS DOS ALIMENTOS − PIRACICABA;40;392;47;63;9.8;47.0
2006;EDUCACAO FISICA;50;2006;50;71;40.12;50.0
2006;ENFERMAGEM;80;2420;51;77;30.25;51.0
2006;ENFERMAGEM − RIBEIRAO PRETO;80;860;48;74;10.75;48.0
2006;ENGENHARIA AGRONOMICA − PIRACICABA;200;1760;48;75;8.8;48.0
2006;ENGENHARIA FLORESTAL − PIRACICABA;40;352;49;68;8.8;49.0
2006;ESPORTE;50;634;49;73;12.68;49.0
2006;FARMACIA − BIOQUIMICA;150;2985;60;89;19.9;60.0
2006;FARMACIA − BIOQUIMICA − RIBEIRAO PRETO;80;1003;55;81;12.54;55.0
2006;FISIOTERAPIA;65;2418;56;77;37.2;56.0
2006;FONOAUDIOLOGIA;25;262;42;66;10.48;42.0
2006;FONOAUDIOLOGIA − BAURU;40;127;27;62;3.18;27.0
2006;FONOAUDIOLOGIA − RIBEIRAO PRETO;30;268;45;67;8.93;45.0
2006;GERONTOLOGIA − USP LESTE, SP;60;567;40;77;9.45;40.0
2006;LICENCIADO EM ENFERMAGEM − RIBEIRAO PRETO;50;145;25;65;2.9;25.0
2006;MEDICINA E CIENCIAS MEDICAS;375;12452;73;91;33.21;73.0
2006;MEDICINA VETERINARIA;80;2415;59;81;30.19;59.0
2006;NUTRICAO;80;2243;53;74;28.04;53.0
2006;NUTRICAO E METABOLISMO − RIBEIRAO PRETO;30;444;53;70;14.8;53.0
2006;OBSTETRICIA − USP LESTE, SP;60;843;45;66;14.05;45.0
2006;ODONTOLOGIA;133;1381;48;77;10.38;48.0
2006;ODONTOLOGIA − BAURU;50;582;50;77;11.64;50.0
2006;ODONTOLOGIA − RIBEIRAO PRETO;80;587;47;72;7.34;47.0
2006;PSICOLOGIA;70;2588;61;90;36.97;61.0
2006;PSICOLOGIA − RIBEIRAO PRETO;40;1169;59;78;29.23;59.0
2006;TERAPIA OCUPACIONAL;45;702;50;73;15.6;50.0
2006;ZOOTECNIA − PIRASSUNUNGA;40;464;48;70;11.6;48.0
2006;CIENCIAS BIOMOLECULARES;40;589;60;89;14.73;60.0
2006;CIENCIAS DA NATUREZA − USP LESTE, SP;120;798;32;69;6.65;32.0
2006;COMPUTACAO − SAO CARLOS;100;1267;52;81;12.67;52.0
2006;ENGENHARIA AERONAUTICA − SAO CARLOS;40;700;66;86;17.5;66.0
2006;ENGENHARIA AMBIENTAL − SAO CARLOS;40;581;56;84;14.53;56.0
2006;ENGENHARIA CIVIL − SAO CARLOS;60;713;52;73;11.88;52.0
2006;ENGENHARIA NA ESCOLA POLITECNICA, COMPUTACAO E MATEMATICA APLICADA;870;9032;59;91;10.38;59.0
2006;ENGENHARIA DE ALIMENTOS − PIRASSUNUNGA;100;791;49;79;7.91;49.0
2006;ENGENHARIA − SAO CARLOS;280;5289;61;89;18.89;61.0
2006;FISICA MEDICA − RIBEIRAO PRETO;40;257;49;78;6.43;49.0
2006;FISICA/METEOROLOGIA/GEOFISICA/ESTATISTICA/MATEMATICA;370;2168;45;89;5.86;45.0
2006;GEOLOGIA;50;366;48;81;7.32;48.0
2006;INFORMATICA BIOMEDICA − RIBEIRAO PRETO;40;288;49;83;7.2;49.0
2006;INFORMATICA − SAO CARLOS;40;369;45;65;9.23;45.0
2006;LICENCIATURA EM CIENCIAS EXATAS − SAO CARLOS;50;236;37;71;4.72;37.0
2006;LICENCIATURA EM GEOCIENCIAS E EDUCACAO AMBIENTAL;40;237;39;64;5.93;39.0
2006;LICENCIATURA EM MATEMATICA/FISICA;260;1746;40;80;6.72;40.0
2006;MATEMATICA APLICADA − RIBEIRAO PRETO;45;161;33;73;3.58;33.0
2006;MATEMATICA − SAO CARLOS;55;286;40;72;5.2;40.0
2006;OCEANOGRAFIA;40;708;56;73;17.7;56.0
2006;QUIMICA AMBIENTAL;30;240;48;81;8.0;48.0
2006;QUIMICA − BACHARELADO − RIBEIRAO PRETO;60;547;50;75;9.12;50.0
2006;QUIMICA − BACHARELADO E LICENCIATURA;60;694;55;86;11.57;55.0
2006;QUIMICA − LICENCIATURA;30;326;47;67;10.87;47.0
2006;QUIMICA (LICENCIATURA) − RIBEIRAO PRETO;40;167;38;66;4.18;38.0
2006;QUIMICA − SAO CARLOS;60;594;51;80;9.9;51.0
2006;SISTEMAS DE INFORMACAO − USP LESTE, SP;180;2767;46;75;15.37;46.0
2007;ADMINISTRACAO;210;5644;56;81;26.88;62.22
2007;ADMINISTRACAO − RIBEIRAO PRETO;105;1529;52;77;14.56;57.78
2007;ARQUITETURA − FAU;150;2428;54;78;16.19;60.0
2007;ARQUITETURA − SAO CARLOS;30;597;55;77;19.9;61.11
2007;ARTES CENICAS − BACHARELADO;15;463;56;71;30.87;62.22
2007;ARTES CENICAS − LICENCIATURA;10;158;48;71;15.8;53.33
2007;ARTES PLASTICAS;30;174;43;80;5.8;47.78
2007;ARTE E TECNOLOGIA − USP LESTE, SP;60;350;34;64;5.83;37.78
2007;ATUARIA;50;293;42;69;5.86;46.67
2007;BIBLIOTECONOMIA;35;349;40;64;9.97;44.44
2007;CIENCIAS CONTABEIS;150;1433;43;72;9.55;47.78
2007;CIENCIAS CONTABEIS − RIBEIRAO PRETO;45;353;42;63;7.84;46.67
2007;CIENCIA DA INFORMACAO E DA DOCUMENTACAO − RIBEIRAO PRETO;40;221;33;73;5.53;36.67
2007;CIENCIAS SOCIAIS;210;2062;49;77;9.82;54.44
2007;CIENCIAS ECONOMICAS − PIRACICABA;40;337;46;68;8.43;51.11
2007;CURSO SUPERIOR DO AUDIOVISUAL;35;1421;62;76;40.6;68.89
2007;DESIGN;40;1192;56;80;29.8;62.22
2007;DIREITO;460;10022;60;84;21.79;66.67
2007;ECONOMIA;180;2257;58;83;12.54;64.44
2007;ECONOMIA EMPRESARIAL E CONTROLADORIA − RIBEIRAO PRETO;70;353;40;74;5.04;44.44
2007;ECONOMIA − RIBEIRAO PRETO;45;283;48;80;6.29;53.33
2007;EDITORACAO;15;310;57;76;20.67;63.33
2007;FILOSOFIA;170;1309;43;76;7.7;47.78
2007;GEOGRAFIA;170;1457;44;72;8.57;48.89
2007;GESTAO AMBIENTAL − USP LESTE, SP;120;744;37;71;6.2;41.11
2007;GESTAO AMBIENTAL − PIRACICABA;40;353;44;73;8.83;48.89
2007;GESTAO DE POLITICAS PUBLICAS − USP LESTE, SP;120;568;34;73;4.73;37.78
2007;HISTORIA;270;2933;47;75;10.86;52.22
2007;JORNALISMO;60;2723;61;79;45.38;67.78
2007;LAZER E TURISMO − USP LESTE, SP;120;818;33;71;6.82;36.67
2007;LETRAS;849;5688;37;76;6.7;41.11
2007;MARKETING − USP LESTE, SP;120;1259;43;74;10.49;47.78
2007;MUSICA;35;120;28;70;3.43;31.11
2007;MUSICA − RIBEIRAO PRETO;30;41;22;64;1.37;24.44
2007;PEDAGOGIA;180;2240;37;69;12.44;41.11
2007;PEDAGOGIA − RIBEIRAO PRETO;50;435;35;60;8.7;38.89
2007;PUBLICIDADE E PROPAGANDA;50;2322;58;76;46.44;64.44
2007;RELACOES INTERNACIONAIS;60;2132;62;79;35.53;68.89
2007;RELACOES PUBLICAS;50;1182;52;74;23.64;57.78
2007;TURISMO;30;613;44;71;20.43;48.89
2007;CIENCIAS BIOLOGICAS;120;2773;58;79;23.11;64.44
2007;CIENCIAS BIOLOGICAS − PIRACICABA;30;359;50;71;11.97;55.56
2007;CIENCIAS BIOLOGICAS − RIBEIRAO PRETO;40;837;57;76;20.93;63.33
2007;CIENCIAS DA ATIVIDADE FISICA − USP LESTE, SP;60;217;22;59;3.62;24.44
2007;CIENCIAS DOS ALIMENTOS − PIRACICABA;40;329;43;64;8.23;47.78
2007;EDUCACAO FISICA;50;1219;44;70;24.38;48.89
2007;ENFERMAGEM;80;1531;43;78;19.14;47.78
2007;ENFERMAGEM − RIBEIRAO PRETO;80;593;39;63;7.41;43.33
2007;ENGENHARIA AGRONOMICA − PIRACICABA;200;1376;43;77;6.88;47.78
2007;ENGENHARIA FLORESTAL − PIRACICABA;40;293;45;72;7.33;50.0
2007;ESPORTE;50;507;42;70;10.14;46.67
2007;FARMACIA−BIOQUIMICA;150;2420;56;80;16.13;62.22
2007;FARMACIA−BIOQUIMICA − RIBEIRAO PRETO;80;1077;53;73;13.46;58.89
2007;FISIOTERAPIA;65;1686;51;76;25.94;56.67
2007;FONOAUDIOLOGIA;25;213;38;69;8.52;42.22
2007;FONOAUDIOLOGIA − BAURU;40;347;38;59;8.68;42.22
2007;FONOAUDIOLOGIA − RIBEIRAO PRETO;30;142;33;60;4.73;36.67
2007;GERONTOLOGIA − USP LESTE, SP;60;275;28;62;4.58;31.11
2007;LICENCIADO EM ENFERMAGEM − RIBEIRAO PRETO;50;272;31;58;5.44;34.44
2007;MEDICINA E CIENCIAS MEDICAS;375;12341;71;87;32.91;78.89
2007;MEDICINA VETERINARIA;80;1990;55;77;24.88;61.11
2007;NUTRICAO;80;1593;45;80;19.91;50.0
2007;NUTRICAO E METABOLISMO − RIBEIRAO PRETO;30;378;46;76;12.6;51.11
2007;OBSTETRICIA − USP LESTE, SP;60;541;37;64;9.02;41.11
2007;ODONTOLOGIA;133;1083;41;72;8.14;45.56
2007;ODONTOLOGIA − BAURU;50;323;42;70;6.46;46.67
2007;ODONTOLOGIA −RIBEIRAO PRETO;80;644;44;74;8.05;48.89
2007;PSICOLOGIA;70;2015;55;81;28.79;61.11
2007;PSICOLOGIA −RIBEIRAO PRETO;40;1045;55;71;26.13;61.11
2007;TERAPIA OCUPACIONAL;45;573;45;67;12.73;50.0
2007;ZOOTECNIA − PIRASSUNUNGA;40;318;41;63;7.95;45.56
2007;CIENCIAS BIOMOLECULARES − SAO CARLOS;40;312;55;77;7.8;61.11
2007;CIENCIAS DA NATUREZA − USP LESTE, SP;120;261;22;61;2.18;24.44
2007;COMPUTACAO − SAO CARLOS;100;961;47;75;9.61;52.22
2007;ENGENHARIA AERONAUTICA − SAO CARLOS;40;625;64;81;15.63;71.11
2007;ENGENHARIA AMBIENTAL − SAO CARLOS;40;513;52;75;12.83;57.78
2007;ENGENHARIA BIOQUIMICA − LORENA;40;158;38;78;3.95;42.22
2007;ENGENHARIA CIVIL − SAO CARLOS;60;635;49;75;10.58;54.44
2007;ENGENHARIA DE ALIMENTOS − PIRASSUNUNGA;100;675;44;69;6.75;48.89
2007;ENGENHARIA DE MATERIAIS − LORENA;40;129;22;67;3.23;24.44
2007;ENGENHARIA INDUSTRIAL QUIMICA − LORENA;80;261;22;73;3.26;24.44
2007;ENGENHARIA NA ESCOLA POLITECNICA, COMPUTACAO E MATEMATICA APLICADA;870;8563;58;85;9.84;64.44
2007;ENGENHARIA QUIMICA − LORENA;80;554;44;74;6.93;48.89
2007;ENGENHARIA − SAO CARLOS;280;4479;58;83;16.0;64.44
2007;FISICA MEDICA − RIBEIRAO PRETO;40;327;48;75;8.18;53.33
2007;FISICA/METEOROLOGIA/GEOFISICA/ESTATISTICA/MATEMATICA;370;1853;42;80;5.01;46.67
2007;GEOLOGIA;50;350;46;75;7.0;51.11
2007;INFORMATICA BIOMEDICA − RIBEIRAO PRETO;40;244;42;76;6.1;46.67
2007;INFORMATICA − SAO CARLOS;40;295;42;68;7.38;46.67
2007;LICENCIATURA EM CIENCIAS EXATAS − SAO CARLOS;50;193;29;64;3.86;32.22
2007;LICENCIATURA EM GEOCIENCIAS E EDUCACAO AMBIENTAL;40;117;22;66;2.93;24.44
2007;LICENCIATURA EM MATEMATICA/FISICA;260;1156;30;81;4.45;33.33
2007;MATEMATICA APLICADA − RIBEIRAO PRETO;45;212;35;70;4.71;38.89
2007;MATEMATICA − SAO CARLOS;55;258;33;69;4.69;36.67
2007;OCEANOGRAFIA;40;509;50;73;12.73;55.56
2007;QUIMICA AMBIENTAL;30;203;44;68;6.77;48.89
2007;QUIMICA−BACHARELADO − RIBEIRAO PRETO;60;437;45;74;7.28;50.0
2007;QUIMICA−BACHARELADO E LICENCIATURA;60;656;52;80;10.93;57.78
2007;QUIMICA−LICENCIATURA;30;154;34;69;5.13;37.78
2007;QUIMICA−LICENCIATURA − RIBEIRAO PRETO;40;163;32;61;4.08;35.56
2007;QUIMICA(BACH.E BACH.COM ATRIB.TECNOLOGICAS) − SAO CARLOS;60;469;47;75;7.82;52.22
2007;SISTEMAS DE INFORMACAO − USP LESTE, SP;180;1800;41;76;10.0;45.56
2008;Administração;210;5107;60;79;24.32;66.67
2008;Administração − Ribeirão Preto;105;1310;53;74;12.48;58.89
2008;Arquitetura − FAU;150;2560;58;80;17.07;64.44
2008;Arquitetura − São Carlos;30;645;58;78;21.5;64.44
2008;Artes Cênicas − Bacharelado;15;490;59;77;32.67;65.56
2008;Artes Cênicas − Licenciatura;10;157;53;72;15.7;58.89
2008;Artes Plásticas;30;138;46;74;4.6;51.11
2008;Arte e Tecnologia − USP Leste, SP;60;326;37;65;5.43;41.11
2008;Atuária;50;283;45;73;5.66;50.0
2008;Biblioteconomia;35;342;43;71;9.77;47.78
2008;Ciências Contábeis;150;1482;49;78;9.88;54.44
2008;Ciências Contábeis − Ribeirão Preto;45;271;43;69;6.02;47.78
2008;Ciências da Informação e da Documentação − Ribeirão Preto;40;216;34;65;5.4;37.78
2008;Ciências Sociais;210;1723;49;82;8.2;54.44
2008;Ciências Econômicas − Piracicaba;40;311;49;78;7.78;54.44
2008;Curso Superior do Audiovisual;35;1287;64;83;36.77;71.11
2008;Design;40;1059;58;77;26.48;64.44
2008;Direito;560;11310;62;84;20.2;68.89
2008;Economia;180;2347;61;84;13.04;67.78
2008;Economia Empresarial e Controladoria − Ribeirão Preto;70;536;50;75;7.66;55.56
2008;Economia − Ribeirão Preto;45;427;53;73;9.49;58.89
2008;Editoração;15;254;57;76;16.93;63.33
2008;Filosofia;170;1097;43;83;6.45;47.78
2008;Geografia;170;1380;47;75;8.12;52.22
2008;Gestão Ambiental − USP Leste, SP;120;894;43;71;7.45;47.78
2008;Gestão Ambiental − Piracicaba;40;438;49;73;10.95;54.44
2008;Gestão de Políticas Públicas − USP Leste, SP;120;542;35;70;4.52;38.89
2008;História;270;2557;49;80;9.47;54.44
2008;Jornalismo;60;2538;64;81;42.3;71.11
2008;Lazer e Turismo − USP Leste, SP;120;726;34;65;6.05;37.78
2008;Letras;849;5116;40;77;6.03;44.44
2008;Marketing − USP Leste, SP;120;1130;46;70;9.42;51.11
2008;Música;35;94;22;72;2.69;24.44
2008;Música − Ribeirão Preto;30;42;22;69;1.4;24.44
2008;Pedagogia;180;1753;38;74;9.74;42.22
2008;Pedagogia − Ribeirão Preto;50;400;38;64;8.0;42.22
2008;Publicidade e Propaganda;50;2079;61;77;41.58;67.78
2008;Relações Internacionais;60;2259;65;81;37.65;72.22
2008;Relações Públicas;50;1111;56;79;22.22;62.22
2008;Turismo;30;563;47;72;18.77;52.22
2008;Humanas;300;5534;51;80;18.45;56.67
2008;Ciências Biológicas;120;2497;61;79;20.81;67.78
2008;Ciências Biológicas − Piracicaba;30;474;54;74;15.8;60.0
2008;Ciências Biológicas − Ribeirão Preto;40;743;60;79;18.58;66.67
2008;Ciências da Atividade Física − USP Leste, SP;60;208;22;62;3.47;24.44
2008;Ciências dos Alimentos − Piracicaba;40;268;42;64;6.7;46.67
2008;Educação Física;50;965;47;73;19.3;52.22
2008;Enfermagem;80;1225;47;75;15.31;52.22
2008;Enfermagem − Ribeirão Preto;80;698;45;68;8.73;50.0
2008;Engenharia Agronômica − Piracicaba;200;1275;45;84;6.38;50.0
2008;Engenharia Florestal;40;235;45;74;5.88;50.0
2008;Esporte;50;452;45;71;9.04;50.0
2008;Farmácia−Bioquímica;150;2207;59;85;14.71;65.56
2008;Farmácia−Bioquímica−Ribeirão Preto;80;1011;57;74;12.64;63.33
2008;Fisioterapia;25;762;54;76;30.48;60.0
2008;Fisioterapia − Ribeirão Preto;40;534;48;68;13.35;53.33
2008;Fonoaudiologia;25;218;42;69;8.72;46.67
2008;Fonoaudiologia − Bauru;40;172;28;65;4.3;31.11
2008;Fonoaudiologia − Ribeirão Preto;30;197;39;60;6.57;43.33
2008;Gerontologia − USP Leste, SP;60;258;30;60;4.3;33.33
2008;Licenciado em Enfermagem − Ribeirão Preto;50;200;29;64;4.0;32.22
2008;Medicina e Ciências Médicas;375;12973;74;88;34.59;82.22
2008;Medicina Veterinária;80;1803;57;76;22.54;63.33
2008;Nutrição;80;1426;50;77;17.83;55.56
2008;Nutrição e Metabolismo − Ribeirão Preto;30;389;51;70;12.97;56.67
2008;Obstetrícia − USP Leste, SP;60;487;40;68;8.12;44.44
2008;Odontologia;133;1099;47;75;8.26;52.22
2008;Odontologia − Bauru;50;397;47;76;7.94;52.22
2008;Odontologia − Ribeirão Preto;80;615;48;77;7.69;53.33
2008;Psicologia;70;1830;58;77;26.14;64.44
2008;Psicologia − Ribeirão Preto;40;1025;58;77;25.63;64.44
2008;Terapia Ocupacional;25;305;48;75;12.2;53.33
2008;Terapia Ocupacional − Ribeirão Preto;20;155;42;67;7.75;46.67
2008;Zootecnia − Pirassununga;40;257;40;71;6.43;44.44
2008;Biologicas;300;4040;50;79;13.47;55.56
2008;Ciências Biomoleculares − São Carlos;40;298;57;79;7.45;63.33
2008;Ciências da Natureza − USP Leste, SP;120;335;22;64;2.79;24.44
2008;Computação − São Carlos;100;828;50;83;8.28;55.56
2008;Engenharia Aeronáutica − São Carlos;40;744;69;85;18.6;76.67
2008;Engenharia Ambiental − São Carlos;40;562;56;77;14.05;62.22
2008;Engenharia Bioquímica − Lorena;40;279;50;79;6.98;55.56
2008;Engenharia Civil − São Carlos;60;666;55;75;11.1;61.11
2008;Engenharia de Alimentos − Pirassununga;100;637;48;72;6.37;53.33
2008;Engenharia de Materiais − Lorena;40;347;49;73;8.68;54.44
2008;Engenharia Industrial Química − Lorena;80;520;44;73;6.5;48.89
2008;Engenharia na Escola Politécnica e Computação;800;10917;63;85;13.65;70.0
2008;Engenharia Química − Lorena;80;768;54;74;9.6;60.0
2008;Engenharia − São Carlos;280;3450;60;85;12.32;66.67
2008;Física/Meteorologia/Geofísica/Estatística/Matemática/Matemática Aplicada;440;1920;40;84;4.36;44.44
2008;Física Médica − Ribeirão Preto;40;217;48;78;5.43;53.33
2008;Geologia;50;363;49;74;7.26;54.44
2008;Informática Biomédica − Ribeirão Preto;40;169;39;76;4.23;43.33
2008;Informática − São Carlos;40;202;40;68;5.05;44.44
2008;Licenciatura em Ciências Exatas − São Carlos;50;140;22;69;2.8;24.44
2008;Licenciatura em Geociências e Educação Ambiental;40;147;29;58;3.68;32.22
2008;Licenciatura em Matemática / Física;260;988;30;82;3.8;33.33
2008;Matemática Aplicada − Ribeirão Preto;45;149;28;74;3.31;31.11
2008;Matemática − São Carlos;55;203;31;75;3.69;34.44
2008;Oceanografia;40;437;51;80;10.93;56.67
2008;Química Ambiental;30;213;47;72;7.1;52.22
2008;Química − Bacharelado − Ribeirão Preto;60;493;50;75;8.22;55.56
2008;Química − Bacharelado e Licenciatura;60;581;55;80;9.68;61.11
2008;Química − Licenciatura;30;174;43;72;5.8;47.78
2008;Química (licenciatura) − Ribeirão Preto;40;165;38;65;4.13;42.22
2008;Química − São Carlos;60;434;50;80;7.23;55.56
2008;Sistemas de Informação − USP Leste, SP;180;1470;43;72;8.17;47.78
2008;Exatas;300;3887;53;78;12.96;58.89
2009;Administração − Ribeirão Preto;105;1703;55;76;16.22;61.11
2009;Arquitetura − FAU;150;2886;60;83;19.24;66.67
2009;Arquitetura − São Carlos;30;749;60;74;24.97;66.67
2009;Artes Cênicas − Bacharelado;15;426;59;78;28.4;65.56
2009;Artes Cênicas − Licenciatura;10;157;53;64;15.7;58.89
2009;Artes Plásticas;30;165;50;77;5.5;55.56
2009;Arte e Tecnologia − USP Leste, SP;60;677;47;72;11.28;52.22
2009;Biblioteconomia;35;256;43;68;7.31;47.78
2009;Ciências Contábeis − Ribeirão Preto;45;406;47;69;9.02;52.22
2009;Ciências da Informação e da Documentação − Ribeirão Preto;40;265;38;68;6.63;42.22
2009;Ciências Sociais;210;1482;49;79;7.06;54.44
2009;Ciências Econômicas − Piracicaba;40;385;53;83;9.63;58.89
2009;Curso Superior do Audiovisual;35;1201;67;78;34.31;74.44
2009;Design;40;1138;61;77;28.45;67.78
2009;Direito;560;10519;64;87;18.78;71.11
2009;Economia, Administração, Ciências Contábeis e Atuária;590;8766;59;86;14.86;65.56
2009;Economia Empresarial e Controladoria − Ribeirão Preto;70;330;44;75;4.71;48.89
2009;Economia − Ribeirão Preto;45;398;56;82;8.84;62.22
2009;Editoração;15;255;59;84;17.0;65.56
2009;Filosofia;170;918;43;82;5.4;47.78
2009;Geografia;170;1033;44;82;6.08;48.89
2009;Gestão Ambiental − USP Leste, SP;120;840;42;73;7.0;46.67
2009;Gestão Ambiental − Piracicaba;40;381;48;69;9.53;53.33
2009;Gestão de Políticas Públicas − USP Leste, SP;120;714;42;72;5.95;46.67
2009;História;270;2081;49;78;7.71;54.44
2009;Jornalismo;60;2197;64;84;36.62;71.11
2009;Lazer e Turismo − USP Leste, SP;120;744;35;65;6.2;38.89
2009;Letras;849;4434;40;82;5.22;44.44
2009;Marketing − USP Leste, SP;120;1237;49;74;10.31;54.44
2009;Música;35;116;29;66;3.31;32.22
2009;Música − Ribeirão Preto;30;52;22;62;1.73;24.44
2009;Pedagogia;180;1380;38;73;7.67;42.22
2009;Pedagogia − Ribeirão Preto;50;338;36;74;6.76;40.0
2009;Publicidade e Propaganda;50;2074;61;78;41.48;67.78
2009;Relações Internacionais;60;2246;66;82;37.43;73.33
2009;Relações Públicas;50;1025;56;74;20.5;62.22
2009;Turismo;30;398;45;69;13.27;50.0
2009;Humanas;250;4938;53;76;19.75;58.89
2009;Ciências Biológicas;120;2066;60;84;17.22;66.67
2009;Ciências Biológicas − Piracicaba;30;367;55;74;12.23;61.11
2009;Ciências Biológicas − Ribeirão Preto;40;639;58;81;15.98;64.44
2009;Ciências da Atividade Física − USP Leste, SP;60;264;28;63;4.4;31.11
2009;Ciências dos Alimentos − Piracicaba;40;271;43;67;6.78;47.78
2009;Educação Física;50;689;45;78;13.78;50.0
2009;Educação Física − Ribeirão Preto;60;315;33;72;5.25;36.67
2009;Enfermagem;80;1014;46;71;12.68;51.11
2009;Enfermagem − Ribeirão Preto;80;526;41;73;6.58;45.56
2009;Engenharia Agronômica − Piracicaba;200;1359;46;77;6.8;51.11
2009;Engenharia Florestal − Piracicaba;40;309;48;79;7.73;53.33
2009;Esporte;50;378;44;75;7.56;48.89
2009;Farmácia−Bioquímica;150;1977;59;83;13.18;65.56
2009;Farmácia−Bioquímica−Ribeirão Preto;80;862;56;81;10.78;62.22
2009;Fisioterapia;25;576;53;74;23.04;58.89
2009;Fisioterapia − Ribeirão Preto;40;562;49;69;14.05;54.44
2009;Fonoaudiologia;25;174;41;71;6.96;45.56
2009;Fonoaudiologia − Bauru;40;256;34;66;6.4;37.78
2009;Fonoaudiologia − Ribeirão Preto;30;146;37;73;4.87;41.11
2009;Gerontologia − USP Leste, SP;60;289;31;69;4.82;34.44
2009;Licenciado em Enfermagem − Ribeirão Preto;50;194;31;61;3.88;34.44
2009;Medicina e Ciências Médicas;375;13379;77;88;35.68;85.56
2009;Medicina Veterinária;140;1887;53;79;13.48;58.89
2009;Nutrição;80;1271;49;74;15.89;54.44
2009;Nutrição e Metabolismo − Ribeirão Preto;30;341;48;75;11.37;53.33
2009;Obstetrícia − USP Leste, SP;60;453;39;65;7.55;43.33
2009;Odontologia;133;1122;48;81;8.44;53.33
2009;Odontologia − Bauru;50;356;46;72;7.12;51.11
2009;Odontologia − Ribeirão Preto;80;581;46;75;7.26;51.11
2009;Psicologia;70;1737;59;79;24.81;65.56
2009;Psicologia − Ribeirão Preto;40;877;57;78;21.93;63.33
2009;Terapia Ocupacional;25;236;46;68;9.44;51.11
2009;Terapia Ocupacional − Ribeirão Preto;20;208;45;63;10.4;50.0
2009;Zootecnia − Pirassununga;40;256;40;67;6.4;44.44
2009;Biologicas;250;3541;51;75;14.16;56.67
2009;Ciências Biomoleculares − São Carlos;40;234;53;82;5.85;58.89
2009;Ciências da Natureza − USP Leste, SP;120;424;22;67;3.53;24.44
2009;Computação − São Carlos;100;854;52;77;8.54;57.78
2009;Engenharia Aeronáutica − São Carlos;40;710;72;85;17.75;80.0
2009;Engenharia Ambiental − São Carlos;40;588;59;80;14.7;65.56
2009;Engenharia Bioquímica − Lorena;40;263;52;81;6.58;57.78
2009;Engenharia Civil − São Carlos;60;1231;61;84;20.52;67.78
2009;Engenharia de Alimentos − Pirassununga;100;698;48;79;6.98;53.33
2009;Engenharia de Biossistemas − Pirassununga;60;138;22;73;2.3;24.44
2009;Engenharia de Materiais − Lorena;40;247;51;77;6.18;56.67
2009;Engenharia Industrial Química − Lorena;80;545;48;78;6.81;53.33
2009;Engenharia na Escola Politécnica e Computação;800;12344;65;86;15.43;72.22
2009;Engenharia Química − Lorena;80;891;58;79;11.14;64.44
2009;Engenharia − São Carlos;300;4057;63;83;13.52;70.0
2009;Física/Meteorologia/Geofísica/Estatística/Matemática/Matemática Aplicada;455;2123;42;87;4.67;46.67
2009;Física Médica − Ribeirão Preto;40;198;46;73;4.95;51.11
2009;Geologia;50;575;54;80;11.5;60.0
2009;Informática Biomédica − Ribeirão Preto;40;173;39;78;4.33;43.33
2009;Informática − São Carlos;40;226;42;68;5.65;46.67
2009;Licenciatura em Ciências Exatas − São Carlos;50;186;23;70;3.72;25.56
2009;Licenciatura em Geociências e Educação Ambiental;40;138;23;72;3.45;25.56
2009;Licenciatura em Matemática / Física;260;866;22;76;3.33;24.44
2009;Matemática Aplicada − Ribeirão Preto;45;189;36;77;4.2;40.0
2009;Matemática − São Carlos;95;259;22;76;2.73;24.44
2009;Oceanografia;40;392;51;77;9.8;56.67
2009;Química Ambiental;30;169;43;76;5.63;47.78
2009;Química − Bacharelado − Ribeirão Preto;60;452;48;76;7.53;53.33
2009;Química − Bacharelado e Licenciatura;60;630;57;83;10.5;63.33
2009;Química − Licenciatura;30;183;43;71;6.1;47.78
2009;Química (licenciatura) − Ribeirão Preto;40;144;31;68;3.6;34.44
2009;Química − São Carlos;60;431;51;78;7.18;56.67
2009;Sistemas de Informação − USP Leste, SP;180;1605;45;74;8.92;50.0
2009;Exatas;250;4052;55;82;16.21;61.11
2010;Administração−Ribeirão Preto;105;1575;49;74;15.0;54.44
2010;Arquitetura−FAU;150;3001;56;83;20.01;62.22
2010;Arquitetura−São Carlos;45;752;53;77;16.71;58.89
2010;Artes Cênicas−Bacharelado;15;413;55;78;27.53;61.11
2010;Artes Cênicas−Licenciatura;10;166;51;73;16.6;56.67
2010;Artes Plásticas;30;136;41;73;4.53;45.56
2010;Biblioteconomia;35;161;30;70;4.6;33.33
2010;Ciência Contábeis−Ribeirão Preto;45;363;39;76;8.07;43.33
2010;Ciências da Informação e da Documentação−Ribeirão Preto;40;92;22;59;2.3;24.44
2010;Ciências Sociais;210;1228;42;74;5.85;46.67
2010;Curso Superior do Audiovisual;35;1203;63;82;34.37;70.0
2010;Design;40;1211;57;78;30.28;63.33
2010;Direito;560;10294;60;84;18.38;66.67
2010;Economia, Administração, Ciências Contábeis e Atuária;590;6680;53;83;11.32;58.89
2010;Economia Empresarial e Controladoria−Ribeirão Preto;70;614;45;75;8.77;50.0
2010;Economia−Piracicaba;40;341;47;72;8.53;52.22
2010;Economia−Ribeirão Preto;45;406;50;76;9.02;55.56
2010;Editoração;15;212;51;77;14.13;56.67
2010;Filosofia;170;842;36;78;4.95;40.0
2010;Geografia;170;789;35;72;4.64;38.89
2010;Gestão Ambiental−USP Leste, SP;120;675;34;75;5.63;37.78
2010;Gestão Ambiental−Piracicaba;40;242;39;60;6.05;43.33
2010;Gestão de Políticas Públicas−USP Leste, SP;120;499;29;71;4.16;32.22
2010;História;270;1769;41;76;6.55;45.56
2010;Jornalismo;60;1957;60;82;32.62;66.67
2010;Lazer e Turismo−USP Leste, SP;120;519;25;66;4.33;27.78
2010;Letras;849;3234;28;83;3.81;31.11
2010;Marketing−USP Leste, SP;120;1090;42;68;9.08;46.67
2010;Música;35;112;22;71;3.2;24.44
2010;Música−Ribeirão Preto;30;43;22;56;1.43;24.44
2010;Pedagogia;180;781;23;77;4.34;25.56
2010;Pedagogia−Ribeirão Preto;50;220;24;69;4.4;26.67
2010;Publicidade e Propaganda;50;2001;57;79;40.02;63.33
2010;Relações Internacionais;60;2275;63;87;37.92;70.0
2010;Relações Públicas;50;794;50;75;15.88;55.56
2010;Têxtil e Moda−USP Leste, SP;60;735;42;68;12.25;46.67
2010;Turismo;30;339;39;65;11.3;43.33
2010;Humanas;250;4381;49;80;17.52;54.44
2010;Ciências Biológicas;120;1798;55;79;14.98;61.11
2010;Ciências Biológicas−Piracicaba;30;372;48;68;12.4;53.33
2010;Ciências Biológicas−Ribeirão Preto;40;580;52;80;14.5;57.78
2010;Ciências da Atividade Física−USP Leste, SP;60;188;22;59;3.13;24.44
2010;Ciências Dos Alimentos−Piracicaba;40;218;35;68;5.45;38.89
2010;Educação Física;50;587;40;63;11.74;44.44
2010;Educação Física−Ribeirão Preto;60;299;28;65;4.98;31.11
2010;Enfermagem;80;735;38;74;9.19;42.22
2010;Enfermagem−Ribeirão Preto;80;388;32;61;4.85;35.56
2010;Engenharia Agronômica−Piracicaba;200;1174;40;78;5.87;44.44
2010;Engenharia Florestal−Piracicaba;40;249;41;74;6.23;45.56
2010;Esporte;50;277;35;65;5.54;38.89
2010;Farmácia−Bioquímica;150;1758;55;85;11.72;61.11
2010;Farmácia−Bioquímica −Ribeirão Preto;80;759;50;76;9.49;55.56
2010;Fisioterapia;25;657;48;74;26.28;53.33
2010;Fisioterapia−Ribeirão Preto;40;395;41;75;9.88;45.56
2010;Fonoaudiologia;25;178;34;68;7.12;37.78
2010;Fonoaudiologia−Bauru;40;171;22;63;4.28;24.44
2010;Fonoaudiologia−Ribeirão Preto;30;145;29;57;4.83;32.22
2010;Gerontologia−USP Leste, SP;60;241;25;60;4.02;27.78
2010;Licenciado em Enfermagem−Ribeirão Preto;50;103;22;62;2.06;24.44
2010;Medicina;275;11576;74;89;42.09;82.22
2010;Ciências Médicas − Ribeirão Preto;100;3715;74;85;37.15;82.22
2010;Medicina Veterinária;140;1975;49;78;14.11;54.44
2010;Nutrição;80;1128;45;75;14.1;50.0
2010;Nutrição e Metabolismo−Ribeirão Preto;30;345;46;72;11.5;51.11
2010;Obstetrícia−USP Leste,SP;60;393;34;74;6.55;37.78
2010;Odontologia;133;1083;42;76;8.14;46.67
2010;Odontologia−Bauru;50;405;43;74;8.1;47.78
2010;Odontologia−Ribeirão Preto;80;703;44;76;8.79;48.89
2010;Psicologia;70;1820;56;81;26.0;62.22
2010;Psicologia−Ribeirão Preto;40;664;50;73;16.6;55.56
2010;Terapia Ocupacional;25;200;39;78;8.0;43.33
2010;Terapia Ocupacional−Ribeirão Preto;20;121;35;59;6.05;38.89
2010;Zootecnia−Pirassununga;40;236;35;77;5.9;38.89
2010;Biológicas;250;3116;48;78;12.46;53.33
2010;Ciências Biomoleculares−São Carlos;40;318;51;78;7.95;56.67
2010;Ciências da Natureza−USP Leste, SP;120;369;22;67;3.08;24.44
2010;Engenharia Aeronáutica−São Carlos;40;891;68;83;22.28;75.56
2010;Engenharia Ambiental−São Carlos;40;872;55;76;21.8;61.11
2010;Engenharia Bioquímica−Lorena;40;223;44;73;5.58;48.89
2010;Engenharia Civil−São Carlos;60;1607;61;79;26.78;67.78
2010;Engenharia de Alimentos−Pirassununga;100;594;42;75;5.94;46.67
2010;Engenharia de Biossistemas−Pirassununga;60;313;33;66;5.22;36.67
2010;Engenharia de Materiais−Lorena;40;298;48;81;7.45;53.33
2010;Engenharia Elétrica e Computação−São Carlos;250;2112;50;84;8.45;55.56
2010;Engenharia Industrial Química−Lorena;80;433;42;69;5.41;46.67
2010;Engenharia Química−Lorena;80;1062;56;80;13.28;62.22
2010;Engenharia−São Carlos;200;2931;60;85;14.66;66.67
2010;Engenharia na Escola Politécnica e Computação;800;10476;63;87;13.1;70.0
2010;Física/Meteorologia/Geofísica/Astronomia/Estatística/Matemática/Matemática Aplic;455;1925;35;83;4.23;38.89
2010;Física Médica−Ribeirão Preto;40;182;34;71;4.55;37.78
2010;Geologia;50;502;50;79;10.04;55.56
2010;Informática Biomédica−Ribeirão Preto;40;147;29;74;3.68;32.22
2010;Informática−São Carlos;40;331;41;68;8.28;45.56
2010;Licenciatura em Ciências Exatas−São Carlos;50;158;22;71;3.16;24.44
2010;Licenciatura em Geociências e Educação Ambiental;40;103;22;66;2.58;24.44
2010;Licenciatura em Matemática/Física;260;711;22;69;2.73;24.44
2010;Matemática Aplicada−Ribeirão Preto;45;128;22;69;2.84;24.44
2010;Matemática−São Carlos;95;315;22;85;3.32;24.44
2010;Oceanografia;40;330;45;68;8.25;50.0
2010;Química Ambiental;30;195;41;75;6.5;45.56
2010;Química−Bacharelado −Ribeirão Preto;60;343;41;73;5.72;45.56
2010;Química−Bacharelado e Licenciatura;60;532;50;81;8.87;55.56
2010;Química−Licenciatura;30;139;35;69;4.63;38.89
2010;Química(Licenciatura)−Ribeirão Preto;40;137;22;69;3.43;24.44
2010;Química−São Carlos;60;332;41;71;5.53;45.56
2010;Sistemas de Informação−USP Leste,SP;180;1384;39;70;7.69;43.33
2010;Exatas;250;3428;51;82;13.71;56.67
2011;Administração−Ribeirão Preto;105;1576;44;72;15.01;48.89
2011;Arquitetura−FAU;150;3312;53;77;22.08;58.89
2011;Arquitetura−São Carlos;45;1172;50;70;26.04;55.56
2011;Artes Cênicas−Bacharelado;15;454;49;65;30.27;54.44
2011;Artes Cênicas−Licenciatura;10;149;41;62;14.9;45.56
2011;Artes Visuais;30;130;37;67;4.33;41.11
2011;Biblioteconomia;35;225;32;61;6.43;35.56
2011;Ciências Contábeis−Ribeirão Preto;45;410;35;71;9.11;38.89
2011;Ciências da Informação e da Documentação−Ribeirão Preto;40;257;22;60;6.43;24.44
2011;Ciências Sociais;210;1183;37;77;5.63;41.11
2011;Curso Superior do Audiovisual;35;1099;59;73;31.4;65.56
2011;Design;40;1141;50;72;28.53;55.56
2011;Direito;560;10668;56;82;19.05;62.22
2011;Economia, Administração, Ciências Contábeis e Atuária;590;6825;48;82;11.57;53.33
2011;Economia Empresarial e Controladoria−Ribeirão Preto;70;372;38;72;5.31;42.22
2011;Economia−Piracicaba;40;361;43;65;9.03;47.78
2011;Economia−Ribeirão Preto;45;380;43;74;8.44;47.78
2011;Editoração;15;281;50;66;18.73;55.56
2011;Filosofia;170;783;29;85;4.61;32.22
2011;Geografia;170;778;31;75;4.58;34.44
2011;Gestão Ambiental−USP Leste, SP;120;717;32;63;5.98;35.56
2011;Gestão Ambiental−Piracicaba;40;216;33;67;5.4;36.67
2011;Gestão de Políticas Públicas−USP Leste, SP;120;550;29;69;4.58;32.22
2011;História;270;1659;36;69;6.14;40.0
2011;Jornalismo;60;2077;54;74;34.62;60.0
2011;Lazer e Turismo−USP Leste, SP;120;594;26;60;4.95;28.89
2011;Licenciatura em Educomunicação;30;128;27;65;4.27;30.0
2011;Letras;849;3333;24;78;3.93;26.67
2011;Marketing−USP Leste, SP;120;1220;39;65;10.17;43.33
2011;Música;35;116;24;73;3.31;26.67
2011;Música−Ribeirão Preto;30;52;22;58;1.73;24.44
2011;Pedagogia;180;995;24;69;5.53;26.67
2011;Pedagogia−Ribeirão Preto;50;233;22;61;4.66;24.44
2011;Publicidade e Propaganda;50;2222;52;71;44.44;57.78
2011;Relações Internacionais;60;2269;57;84;37.82;63.33
2011;Relações Públicas;50;865;45;69;17.3;50.0
2011;Têxtil e Moda−USP Leste, SP;60;897;40;68;14.95;44.44
2011;Turismo;30;380;36;63;12.67;40.0
2011;Humanas;250;4366;44;72;17.46;48.89
2011;Ciências Biológicas;120;1871;49;76;15.59;54.44
2011;Ciências Biológicas−Piracicaba;30;350;44;68;11.67;48.89
2011;Ciências Biológicas−Ribeirão Preto;40;591;47;73;14.78;52.22
2011;Ciências da Atividade Física−USP Leste, SP;60;152;22;57;2.53;24.44
2011;Ciências dos Alimentos−Piracicaba;40;165;27;61;4.13;30.0
2011;Educação Física e Esporte;100;814;33;65;8.14;36.67
2011;Educação Física−Ribeirão Preto;60;314;25;54;5.23;27.78
2011;Enfermagem;80;841;36;67;10.51;40.0
2011;Enfermagem−Ribeirão Preto;80;477;29;55;5.96;32.22
2011;Engenharia Agronômica−Piracicaba;200;1238;35;71;6.19;38.89
2011;Engenharia Florestal−Piracicaba;40;236;34;65;5.9;37.78
2011;Farmácia−Bioquímica;150;1636;46;79;10.91;51.11
2011;Farmácia−Bioquímica − Ribeirão Preto;80;782;44;73;9.78;48.89
2011;Fisioterapia;25;615;41;61;24.6;45.56
2011;Fisioterapia−Ribeirão Preto;40;600;39;70;15.0;43.33
2011;Fonoaudiologia;25;209;33;64;8.36;36.67
2011;Fonoaudiologia−Bauru;40;338;28;61;8.45;31.11
2011;Fonoaudiologia−Ribeirão Preto;30;135;24;53;4.5;26.67
2011;Gerontologia−USP Leste, SP;60;206;22;56;3.43;24.44
2011;Licenciado em Enfermagem−Ribeirão Preto;50;173;22;54;3.46;24.44
2011;Medicina;275;13545;70;85;49.25;77.78
2011;Ciências Médicas−Ribeirão Preto;100;3735;69;84;37.35;76.67
2011;Medicina Veterinária;80;1609;47;69;20.11;52.22
2011;Medicina Veterinária−Pirassununga;60;543;39;73;9.05;43.33
2011;Nutrição;80;1011;38;67;12.64;42.22
2011;Nutrição e Metabolismo−Ribeirão Preto;30;311;36;65;10.37;40.0
2011;Obstetrícia−USP Leste, SP;60;312;26;57;5.2;28.89
2011;Odontologia;133;1362;40;73;10.24;44.44
2011;Odontologia−Bauru;50;522;41;66;10.44;45.56
2011;Odontologia−Ribeirão Preto;80;734;39;69;9.18;43.33
2011;Psicologia;70;2042;52;75;29.17;57.78
2011;Psicologia−Ribeirão Preto;40;878;47;71;21.95;52.22
2011;Terapia Ocupacional;25;201;36;70;8.04;40.0
2011;Terapia Ocupacional−Ribeirão Preto;20;163;33;61;8.15;36.67
2011;Zootecnia−Pirassununga;40;251;28;63;6.28;31.11
2011;Biológicas;250;2912;43;72;11.65;47.78
2011;Ciências Biomoleculares−São Carlos;40;286;47;78;7.15;52.22
2011;Ciências da Natureza−USP Leste, SP;120;284;22;57;2.37;24.44
2011;Computação;230;2637;41;80;11.47;45.56
2011;Engenharia Aeronáutica−São Carlos;40;911;64;81;22.78;71.11
2011;Engenharia Ambiental−São Carlos;40;847;49;78;21.18;54.44
2011;Engenharia Bioquímica−Lorena;40;263;41;77;6.58;45.56
2011;Engenharia Civil−São Carlos;60;2191;57;75;36.52;63.33
2011;Engenharia de Alimentos−Pirassununga;100;554;37;68;5.54;41.11
2011;Engenharia de Biossistemas−Pirassununga;60;168;22;63;2.8;24.44
2011;Engenharia de Materiais−Lorena;40;217;37;66;5.43;41.11
2011;Engenharia de Materiais e Manufatura−São Carlos;50;365;46;70;7.3;51.11
2011;Engenharia Elétrica e Computação−São Carlos;250;2359;45;80;9.44;50.0
2011;Engenharia Industrial Química−Lorena;80;457;38;68;5.71;42.22
2011;Engenharia na Escola Politécnica;750;10683;58;85;14.24;64.44
2011;Engenharia Química−Lorena;80;1053;50;79;13.16;55.56
2011;Engenharia−São Carlos;150;2573;57;79;17.15;63.33
2011;Física/Meteorologia/Geofísica/Astronomia/Estatística/Matemática/Matemática Aplic;455;2231;33;81;4.9;36.67
2011;Física Médica−Ribeirão Preto;40;220;33;65;5.5;36.67
2011;Geologia;50;688;47;72;13.76;52.22
2011;Informática Biomédica−Ribeirão Preto;40;188;29;59;4.7;32.22
2011;Informática−São Carlos;40;208;31;65;5.2;34.44
2011;Licenciatura em Ciências Exatas−São Carlos;50;160;22;67;3.2;24.44
2011;Licenciatura em Geociências e Educação Ambiental;40;143;22;59;3.58;24.44
2011;Licenciatura em Matemática/Física;260;749;22;72;2.88;24.44
2011;Matemática Aplicada−Ribeirão Preto;45;182;22;69;4.04;24.44
2011;Matemática−São Carlos;95;363;22;73;3.82;24.44
2011;Oceanografia;40;395;40;76;9.88;44.44
2011;Química Ambiental;30;141;32;66;4.7;35.56
2011;Química−Bacharelado − Ribeirão Preto;60;365;37;70;6.08;41.11
2011;Química−Bacharelado e Licenciatura;60;616;47;71;10.27;52.22
2011;Química−Licenciatura;30;130;28;68;4.33;31.11
2011;Química−Licenciatura − Ribeirão Preto;40;139;22;59;3.48;24.44
2011;Química(Bacharelados)−São Carlos;60;370;39;72;6.17;43.33
2011;Exatas;250;3538;47;78;14.15;52.22
2012;Administração − Ribeirão Preto;105;1777;50;71;16.92;55.56
2012;Arquitetura − FAU;150;3794;58;77;25.29;64.44
2012;Arquitetura − São Carlos;45;1261;56;74;28.02;62.22
2012;Artes Cênicas − Bacharelado;15;473;53;71;31.53;58.89
2012;Artes Cênicas − Licenciatura;10;173;46;61;17.3;51.11
2012;Artes Visuais;30;126;44;77;4.2;48.89
2012;Biblioteconomia;35;169;36;68;4.83;40.0
2012;Ciências Contábeis − Ribeirão Preto;45;408;41;71;9.07;45.56
2012;Ciências da Informação e da Documentação − Ribeirão Preto;40;110;27;64;2.75;30.0
2012;Ciências Sociais;210;1144;43;76;5.45;47.78
2012;Curso Superior do Audiovisual;35;1212;61;78;34.63;67.78
2012;Design;40;1218;54;75;30.45;60.0
2012;Direito;560;10622;59;83;18.97;65.56
2012;Economia, Administração, Ciências Contábeis e Atuária;590;7015;54;81;11.89;60.0
2012;Economia Empresarial e Controladoria − Ribeirão Preto;70;466;44;67;6.66;48.89
2012;Economia − Piracicaba;40;372;48;75;9.3;53.33
2012;Economia − Ribeirão Preto;45;499;51;70;11.09;56.67
2012;Editoração;15;219;53;74;14.6;58.89
2012;Filosofia;170;844;40;73;4.96;44.44
2012;Geografia;170;729;37;79;4.29;41.11
2012;Gestão Ambiental − USP Leste, SP;120;499;35;69;4.16;38.89
2012;Gestão Ambiental − Piracicaba;40;190;37;59;4.75;41.11
2012;Gestão de Políticas Públicas − USP Leste, SP;120;511;35;62;4.26;38.89
2012;História;270;1651;43;72;6.11;47.78
2012;Jornalismo;60;2387;59;76;39.78;65.56
2012;Lazer e Turismo − USP Leste, SP;120;507;31;60;4.23;34.44
2012;Licenciatura em Educomunicação;30;108;35;63;3.6;38.89
2012;Letras;849;3303;34;81;3.89;37.78
2012;Marketing − USP Leste, SP;120;1209;44;66;10.08;48.89
2012;Música − ECA;35;105;33;60;3.0;36.67
2012;Música − Ribeirão Preto;30;184;37;68;6.13;41.11
2012;Pedagogia;180;836;33;77;4.64;36.67
2012;Pedagogia − Ribeirão Preto;50;369;38;56;7.38;42.22
2012;Publicidade e Propaganda;50;2360;57;71;47.2;63.33
2012;Relações Internacionais;60;2674;61;79;44.57;67.78
2012;Relações Públicas;50;927;50;72;18.54;55.56
2012;Têxtil e Moda − USP Leste, SP;60;815;45;72;13.58;50.0
2012;Turismo;30;401;42;64;13.37;46.67
2012;Humanas;300;7398;50;69;24.66;55.56
2012;Ciências Biológicas;120;1564;52;79;13.03;57.78
2012;Ciências Biológicas − Piracicaba;30;313;47;77;10.43;52.22
2012;Ciências Biológicas − Ribeirão Preto;40;546;50;75;13.65;55.56
2012;Ciências Biomédicas;40;1084;57;74;27.1;63.33
2012;Ciências da Atividade Física − USP Leste, SP;60;158;27;53;2.63;30.0
2012;Ciências dos Alimentos − Piracicaba;40;197;36;58;4.93;40.0
2012;Educação Física e Esporte;100;773;38;71;7.73;42.22
2012;Educação Física − Ribeirão Preto;60;355;32;57;5.92;35.56
2012;Enfermagem;80;738;40;69;9.23;44.44
2012;Enfermagem − Ribeirão Preto;130;523;32;63;4.02;35.56
2012;Engenharia Agronômica − Piracicaba;200;1216;41;76;6.08;45.56
2012;Engenharia Florestal − Piracicaba;40;249;42;65;6.23;46.67
2012;Farmácia−Bioquímica;150;1361;51;80;9.07;56.67
2012;Farmácia−Bioquímica − Ribeirão Preto;80;604;46;77;7.55;51.11
2012;Fisioterapia;25;663;48;71;26.52;53.33
2012;Fisioterapia − Ribeirão Preto;40;577;42;73;14.43;46.67
2012;Fonoaudiologia;25;173;37;64;6.92;41.11
2012;Fonoaudiologia − Bauru;40;152;31;63;3.8;34.44
2012;Fonoaudiologia − Ribeirão Preto;30;155;36;54;5.17;40.0
2012;Gerontologia − USP Leste, SP;60;187;28;62;3.12;31.11
2012;Medicina;275;14075;73;85;51.18;81.11
2012;Ciências Médicas − Ribeirão Preto;100;4061;73;84;40.61;81.11
2012;Medicina Veterinária;80;1546;52;74;19.33;57.78
2012;Medicina Veterinária − Pirassununga;60;913;50;71;15.22;55.56
2012;Nutrição;80;1083;43;78;13.54;47.78
2012;Nutrição e Metabolismo − Ribeirão Preto;30;285;41;61;9.5;45.56
2012;Obstetrícia − USP Leste, SP;60;210;29;62;3.5;32.22
2012;Odontologia;133;1300;45;75;9.77;50.0
2012;Odontologia − Bauru;50;450;45;67;9.0;50.0
2012;Odontologia − Ribeirão Preto;80;948;46;66;11.85;51.11
2012;Psicologia;70;2200;56;77;31.43;62.22
2012;Psicologia − Ribeirão Preto;40;989;53;74;24.73;58.89
2012;Saúde Pública;40;52;27;56;1.3;30.0
2012;Terapia Ocupacional;25;147;36;71;5.88;40.0
2012;Terapia Ocupacional − Ribeirão Preto;20;122;35;53;6.1;38.89
2012;Zootecnia − Pirassununga;40;254;36;63;6.35;40.0
2012;Biológicas;300;5134;49;77;17.11;54.44
2012;Ciências Biomoleculares − São Carlos;40;155;41;78;3.88;45.56
2012;Ciências da Natureza − USP Leste, SP;120;184;27;68;1.53;30.0
2012;Computação;230;2710;47;79;11.78;52.22
2012;Engenharia Aeronáutica − São Carlos;40;967;67;81;24.18;74.44
2012;Engenharia Ambiental − Lorena;40;230;38;67;5.75;42.22
2012;Engenharia Ambiental − São Carlos;40;661;52;76;16.53;57.78
2012;Engenharia Bioquímica − Lorena;40;307;49;66;7.68;54.44
2012;Engenharia Civil − São Carlos;60;3136;63;78;52.27;70.0
2012;Engenharia de Alimentos − Pirassununga;100;576;41;69;5.76;45.56
2012;Engenharia de Biossistemas − Pirassununga;60;329;37;64;5.48;41.11
2012;Engenharia de Materiais − Lorena;40;273;44;67;6.83;48.89
2012;Engenharia de Materiais e Manufatura − São Carlos;50;469;53;77;9.38;58.89
2012;Engenharia de Produção − Lorena;40;809;50;72;20.23;55.56
2012;Engenharia Elétrica e Computação − São Carlos;250;2464;51;82;9.86;56.67
2012;Engenharia Física − Lorena;40;191;43;70;4.78;47.78
2012;Engenharia na Escola Politécnica;750;11933;63;86;15.91;70.0
2012;Engenharia Química − Lorena;160;1589;51;79;9.93;56.67
2012;Engenharia − São Carlos;150;2472;60;86;16.48;66.67
2012;Física/Meteorologia/Geofísica/Astronomia/Estatística/Matemática/MatemáticaAplic.;455;2005;39;81;4.41;43.33
2012;Física Médica − Ribeirão Preto;40;164;35;69;4.1;38.89
2012;Geologia;50;672;52;77;13.44;57.78
2012;Informática Biomédica − Ribeirão Preto;40;156;35;55;3.9;38.89
2012;Informática − São Carlos;40;220;37;65;5.5;41.11
2012;Licenciatura em Ciências Exatas − São Carlos;50;124;27;69;2.48;30.0
2012;Licenciatura em Geociências e Educação Ambiental;40;92;27;71;2.3;30.0
2012;Licenciatura em Matemática / Física;260;690;27;75;2.65;30.0
2012;Matemática Aplicada − Ribeirão Preto;45;159;31;70;3.53;34.44
2012;Matemática − São Carlos;95;317;30;79;3.34;33.33
2012;Oceanografia;40;298;46;70;7.45;51.11
2012;Química Ambiental;30;169;40;64;5.63;44.44
2012;Química (Bacharelados) − Ribeirão Preto;60;402;43;70;6.7;47.78
2012;Química − Bacharelado e Licenciatura;60;664;52;74;11.07;57.78
2012;Química − Licenciatura;30;122;35;57;4.07;38.89
2012;Química − Licenciatura − Ribeirão Preto;40;123;30;68;3.08;33.33
2012;Química (Bacharelados) − São Carlos;60;379;44;76;6.32;48.89
2012;Exatas;300;6259;52;83;20.86;57.78
2013;Administração − Ribeirão Preto;105;1518;46;72;14.46;51.11
2013;Administração − Piracicaba;40;577;43;66;14.43;47.78
2013;Arquitetura − FAU;150;4420;56;78;29.47;62.22
2013;Arquitetura − São Carlos;45;1413;53;73;31.4;58.89
2013;Artes Cênicas − Bacharelado;15;542;54;72;36.13;60.0
2013;Artes Cênicas − Licenciatura;10;168;44;58;16.8;48.89
2013;Artes Visuais;30;138;44;69;4.6;48.89
2013;Biblioteconomia;35;186;36;63;5.31;40.0
2013;Ciências Contábeis − Ribeirão Preto;45;442;41;72;9.82;45.56
2013;Ciências da Informação e da Documentação − Ribeirão Preto;40;303;39;64;7.58;43.33
2013;Ciências Sociais;210;1304;42;80;6.21;46.67
2013;Curso Superior do Audiovisual;35;1253;60;75;35.8;66.67
2013;Design;40;1386;53;75;34.65;58.89
2013;Direito;560;11304;57;83;20.19;63.33
2013;Economia, Administração, Ciências Contábeis e Atuária;590;6815;51;82;11.55;56.67
2013;Economia Empresarial e Controladoria − Ribeirão Preto;70;367;39;61;5.24;43.33
2013;Economia − Piracicaba;40;370;46;68;9.25;51.11
2013;Economia − Ribeirão Preto;45;369;46;72;8.2;51.11
2013;Editoração;15;266;50;76;17.73;55.56
2013;Filosofia;170;878;39;73;5.16;43.33
2013;Geografia;170;808;38;80;4.75;42.22
2013;Gestão Ambiental − USP Leste, SP;120;473;32;67;3.94;35.56
2013;Gestão Ambiental − Piracicaba;40;185;35;54;4.63;38.89
2013;Gestão de Políticas Públicas − USP Leste, SP;120;625;37;67;5.21;41.11
2013;História;270;1829;43;77;6.77;47.78
2013;Jornalismo;60;2494;56;75;41.57;62.22
2013;Lazer e Turismo − USP Leste, SP;120;463;30;61;3.86;33.33
2013;Licenciatura em Educomunicação;30;128;37;56;4.27;41.11
2013;Letras;849;3299;34;71;3.89;37.78
2013;Marketing − USP Leste, SP;120;1168;42;64;9.73;46.67
2013;Música − ECA;35;118;35;72;3.37;38.89
2013;Música − Ribeirão Preto;30;153;32;70;5.1;35.56
2013;Pedagogia;180;881;33;66;4.89;36.67
2013;Pedagogia − Ribeirão Preto;50;214;29;58;4.28;32.22
2013;Publicidade e Propaganda;50;2423;55;73;48.46;61.11
2013;Relações Internacionais;60;2574;59;85;42.9;65.56
2013;Relações Públicas;50;887;47;65;17.74;52.22
2013;Têxtil e Moda − USP Leste, SP;60;773;42;63;12.88;46.67
2013;Turismo;30;361;38;66;12.03;42.22
2013;Humanas;300;8256;48;72;27.52;53.33
2013;Ciências Biológicas;120;1657;50;81;13.81;55.56
2013;Ciências Biológicas − Piracicaba;30;357;44;63;11.9;48.89
2013;Ciências Biológicas − Ribeirão Preto;60;559;45;75;9.32;50.0
2013;Ciências Biomédicas;40;1194;58;84;29.85;64.44
2013;Ciências da Atividade Física − USP Leste, SP;60;158;27;52;2.63;30.0
2013;Ciências dos Alimentos − Piracicaba;40;195;35;60;4.88;38.89
2013;Educação Física e Esporte;100;877;39;62;8.77;43.33
2013;Educação Física − Ribeirão Preto;60;381;33;61;6.35;36.67
2013;Enfermagem;80;735;38;66;9.19;42.22
2013;Enfermagem − Ribeirão Preto;130;553;31;58;4.25;34.44
2013;Engenharia Agronômica − Piracicaba;200;1279;39;69;6.4;43.33
2013;Engenharia Florestal − Piracicaba;40;189;35;62;4.73;38.89
2013;Farmácia−Bioquímica;150;1282;47;73;8.55;52.22
2013;Farmácia−Bioquímica − Ribeirão Preto;80;552;42;76;6.9;46.67
2013;Fisioterapia;25;752;47;68;30.08;52.22
2013;Fisioterapia − Ribeirão Preto;40;548;40;67;13.7;44.44
2013;Fonoaudiologia;25;200;39;61;8.0;43.33
2013;Fonoaudiologia − Bauru;40;268;38;60;6.7;42.22
2013;Fonoaudiologia − Ribeirão Preto;30;106;30;53;3.53;33.33
2013;Gerontologia − USP Leste, SP;60;177;27;59;2.95;30.0
2013;Medicina;275;15517;73;87;56.43;81.11
2013;Ciências Médicas − Ribeirão Preto;100;4545;71;84;45.45;78.89
2013;Medicina Veterinária;80;1793;50;76;22.41;55.56
2013;Medicina Veterinária − Pirassununga;60;917;46;67;15.28;51.11
2013;Nutrição;80;1022;42;66;12.78;46.67
2013;Nutrição e Metabolismo − Ribeirão Preto;30;323;40;73;10.77;44.44
2013;Obstetrícia − USP Leste, SP;60;314;34;56;5.23;37.78
2013;Odontologia;133;1394;43;74;10.48;47.78
2013;Odontologia − Bauru;50;625;45;65;12.5;50.0
2013;Odontologia − Ribeirão Preto;80;906;44;70;11.33;48.89
2013;Psicologia;70;2651;55;74;37.87;61.11
2013;Psicologia − Ribeirão Preto;40;1144;52;73;28.6;57.78
2013;Saúde Pública;40;391;39;61;9.78;43.33
2013;Terapia Ocupacional;25;196;39;61;7.84;43.33
2013;Terapia Ocupacional − Ribeirão Preto;20;150;34;52;7.5;37.78
2013;Zootecnia − Pirassununga;40;300;37;68;7.5;41.11
2013;Biológicas;300;5917;48;77;19.72;53.33
2013;Ciências Biomoleculares − São Carlos;40;242;44;71;6.05;48.89
2013;Ciências da Natureza − USP Leste, SP;120;267;27;63;2.23;30.0
2013;Computação;330;3229;44;78;9.78;48.89
2013;Engenharia Aeronáutica − São Carlos;40;1085;66;82;27.13;73.33
2013;Engenharia Ambiental − Lorena;40;592;46;70;14.8;51.11
2013;Engenharia Ambiental − São Carlos;40;650;50;70;16.25;55.56
2013;Engenharia Bioquímica − Lorena;40;275;45;70;6.88;50.0
2013;Engenharia Civil − São Carlos;60;3191;63;84;53.18;70.0
2013;Engenharia de Alimentos − Pirassununga;100;601;40;72;6.01;44.44
2013;Engenharia de Biossistemas − Pirassununga;60;161;27;65;2.68;30.0
2013;Engenharia de Materiais − Lorena;40;319;44;67;7.98;48.89
2013;Engenharia de Materiais e Manufatura − São Carlos;50;438;51;73;8.76;56.67
2013;Engenharia de Produção − Lorena;40;1161;52;74;29.03;57.78
2013;Engenharia Elétrica e de Computação − São Carlos;150;2649;55;80;17.66;61.11
2013;Engenharia Física − Lorena;40;382;48;78;9.55;53.33
2013;Engenharia na Escola Politécnica;820;12680;61;86;15.46;67.78
2013;Engenharia Química − Lorena;160;2018;51;79;12.61;56.67
2013;Engenharia − São Carlos;150;2795;59;82;18.63;65.56
2013;Física / Meteorologia / Geofísica / Astronomia / Estatística / Matemática / Mate;455;2223;39;80;4.89;43.33
2013;Física Médica − Ribeirão Preto;40;174;36;70;4.35;40.0
2013;Geologia;50;706;51;73;14.12;56.67
2013;Informática Biomédica − Ribeirão Preto;40;142;32;64;3.55;35.56
2013;Informática − São Carlos;40;253;36;70;6.33;40.0
2013;Licenciatura em Ciências Exatas − São Carlos;50;186;33;64;3.72;36.67
2013;Licenciatura em Geociências e Educação Ambiental;40;104;27;67;2.6;30.0
2013;Licenciatura em Matemática / Física;260;730;27;69;2.81;30.0
2013;Matemática Aplicada − Ribeirão Preto;45;137;29;73;3.04;32.22
2013;Matemática − São Carlos;95;374;34;66;3.94;37.78
2013;Oceanografia;40;279;41;79;6.98;45.56
2013;Química Ambiental;30;145;38;68;4.83;42.22
2013;Química (Bacharelados) − Ribeirão Preto;60;434;40;73;7.23;44.44
2013;Química − Bacharelado e Licenciatura;60;709;50;82;11.82;55.56
2013;Química − Licenciatura;30;174;40;70;5.8;44.44
2013;Química − Licenciatura − Ribeirão Preto;40;141;30;59;3.53;33.33
2013;Química (Bacharelados) − São Carlos;60;366;42;79;6.1;46.67
2013;Exatas;300;7342;52;83;24.47;57.78
2014;Administração − Ribeirão Preto;105;1468;44;70;13.98;48.89
2014;Administração − Piracicaba;40;588;43;59;14.7;47.78
2014;Arquitetura − FAU;150;4714;57;79;31.43;63.33
2014;Arquitetura − São Carlos;45;1373;54;78;30.51;60.0
2014;Artes Cênicas − Bacharelado;15;623;53;69;41.53;58.89
2014;Artes Cênicas − Licenciatura;10;222;46;64;22.2;51.11
2014;Artes Visuais;30;127;43;68;4.23;47.78
2014;Biblioteconomia;35;252;39;63;7.2;43.33
2014;Ciências Contábeis − Ribeirão Preto;45;436;40;70;9.69;44.44
2014;Ciências da Informação e da Documentação − Ribeirão Preto;40;82;27;60;2.05;30.0
2014;Ciências Sociais;210;1593;44;79;7.59;48.89
2014;Curso Superior do Audiovisual;35;1443;59;81;41.23;65.56
2014;Design;40;1393;52;70;34.83;57.78
2014;Direito;560;12272;57;82;21.91;63.33
2014;Economia, Administração, Ciências Contábeis e Atuária;590;6722;50;80;11.39;55.56
2014;Economia Empresarial e Controladoria − Ribeirão Preto;70;456;41;65;6.51;45.56
2014;Economia − Piracicaba;40;314;45;67;7.85;50.0
2014;Economia − Ribeirão Preto;45;475;49;70;10.56;54.44
2014;Editoração;15;293;49;65;19.53;54.44
2014;Filosofia;170;1027;40;72;6.04;44.44
2014;Geografia;170;846;37;64;4.98;41.11
2014;Gestão Ambiental − USP Leste, SP;120;494;30;70;4.12;33.33
2014;Gestão Ambiental − Piracicaba;40;153;32;63;3.83;35.56
2014;Gestão de Políticas Públicas − USP Leste, SP;120;661;36;61;5.51;40.0
2014;História;270;2031;43;71;7.52;47.78
2014;Jornalismo;60;2706;55;74;45.1;61.11
2014;Lazer e Turismo − USP Leste, SP;120;488;28;58;4.07;31.11
2014;Licenciatura em Educomunicação;30;109;32;63;3.63;35.56
2014;Letras;849;3776;34;78;4.45;37.78
2014;Marketing − USP Leste, SP;120;1142;41;70;9.52;45.56
2014;Música − ECA;35;129;32;61;3.69;35.56
2014;Música − Ribeirão Preto;30;171;31;67;5.7;34.44
2014;Pedagogia;180;1032;33;65;5.73;36.67
2014;Pedagogia − Ribeirão Preto;50;393;37;61;7.86;41.11
2014;Publicidade e Propaganda;50;2499;53;75;49.98;58.89
2014;Relações Internacionais;60;2294;58;82;38.23;64.44
2014;Relações Públicas;50;1020;47;69;20.4;52.22
2014;Têxtil e Moda − USP Leste, SP;60;751;40;63;12.52;44.44
2014;Turismo;30;372;36;64;12.4;40.0
2014;Ciências Biológicas;120;1844;50;80;15.37;55.56
2014;Ciências Biológicas − Piracicaba;30;289;42;63;9.63;46.67
2014;Ciências Biológicas − Ribeirão Preto;60;634;44;76;10.57;48.89
2014;Ciências Biomédicas;40;1043;54;76;26.08;60.0
2014;Ciências Biomédicas − Ribeirão Preto;25;439;53;75;17.56;58.89
2014;Ciências dos Alimentos − Piracicaba;40;228;34;65;5.7;37.78
2014;Educação Física e Esporte;100;912;36;68;9.12;40.0
2014;Educação Física e Esporte − Ribeirão Preto;60;448;33;57;7.47;36.67
2014;Educação Física e Saúde − USP Leste, SP;60;258;27;55;4.3;30.0
2014;Enfermagem;80;880;39;68;11.0;43.33
2014;Enfermagem − Ribeirão Preto;130;505;30;66;3.88;33.33
2014;Engenharia Agronômica − Piracicaba;200;1444;40;74;7.22;44.44
2014;Engenharia Florestal − Piracicaba;40;299;40;60;7.48;44.44
2014;Farmácia−Bioquímica;150;1325;45;75;8.83;50.0
2014;Farmácia−Bioquímica − Ribeirão Preto;80;505;40;76;6.31;44.44
2014;Fisioterapia;25;819;46;64;32.76;51.11
2014;Fisioterapia − Ribeirão Preto;40;556;40;64;13.9;44.44
2014;Fonoaudiologia;25;222;38;72;8.88;42.22
2014;Fonoaudiologia − Bauru;40;148;28;55;3.7;31.11
2014;Fonoaudiologia − Ribeirão Preto;30;220;34;64;7.33;37.78
2014;Gerontologia − USP Leste, SP;60;365;35;58;6.08;38.89
2014;Medicina;275;16108;70;84;58.57;77.78
2014;Medicina − Ribeirão Preto;100;6291;70;86;62.91;77.78
2014;Medicina Veterinária;80;2346;50;76;29.33;55.56
2014;Medicina Veterinária − Pirassununga;60;946;45;64;15.77;50.0
2014;Nutrição;80;1294;41;62;16.18;45.56
2014;Nutrição e Metabolismo − Ribeirão Preto;30;421;43;67;14.03;47.78
2014;Obstetrícia − USP Leste, SP;60;258;31;61;4.3;34.44
2014;Odontologia;133;1592;44;66;11.97;48.89
2014;Odontologia − Bauru;50;433;42;68;8.66;46.67
2014;Odontologia − Ribeirão Preto;80;898;43;74;11.23;47.78
2014;Psicologia;70;3400;57;78;48.57;63.33
2014;Psicologia − Ribeirão Preto;40;1123;50;78;28.08;55.56
2014;Saúde Pública;40;98;27;53;2.45;30.0
2014;Terapia Ocupacional;25;166;36;57;6.64;40.0
2014;Terapia Ocupacional − Ribeirão Preto;20;151;34;60;7.55;37.78
2014;Zootecnia − Pirassununga;40;323;35;56;8.08;38.89
2014;Ciências Biomoleculares − São Carlos;40;167;40;70;4.18;44.44
2014;Ciências da Natureza − USP Leste, SP;120;315;27;65;2.63;30.0
2014;Computação;330;3601;45;81;10.91;50.0
2014;Engenharia Aeronáutica − São Carlos;40;1145;66;82;28.63;73.33
2014;Engenharia Ambiental − Lorena;40;260;38;64;6.5;42.22
2014;Engenharia Ambiental − São Carlos;40;611;48;69;15.28;53.33
2014;Engenharia Bioquímica − Lorena;40;370;47;66;9.25;52.22
2014;Engenharia Civil − São Carlos;60;3051;62;75;50.85;68.89
2014;Engenharia de Alimentos − Pirassununga;100;593;40;68;5.93;44.44
2014;Engenharia de Biossistemas − Pirassununga;60;416;38;64;6.93;42.22
2014;Engenharia de Materiais − Lorena;40;286;44;63;7.15;48.89
2014;Engenharia de Materiais e Manufatura − São Carlos;50;491;52;76;9.82;57.78
2014;Engenharia de Produção − Lorena;40;979;51;68;24.48;56.67
2014;Engenharia Elétrica e de Computação − São Carlos;150;2442;55;83;16.28;61.11
2014;Engenharia Física − Lorena;40;341;49;76;8.53;54.44
2014;Engenharia na Escola Politécnica;870;13499;60;86;15.52;66.67
2014;Engenharia Química − Lorena;160;1781;51;78;11.13;56.67
2014;Engenharia − São Carlos;150;3028;59;83;20.19;65.56
2014;Fís. / Fís. Comput. / Meteor. / Geofís. / Astron. / Estatís. / Mat. / Mat. Apl.;550;2778;39;82;5.05;43.33
2014;Física Médica − Ribeirão Preto;40;207;37;70;5.18;41.11
2014;Geologia;50;732;52;77;14.64;57.78
2014;Informática Biomédica − Ribeirão Preto;40;136;29;65;3.4;32.22
2014;Informática − São Carlos;40;252;37;63;6.3;41.11
2014;Licenciatura em Ciências Exatas (com habilitações) − São Carlos;50;118;27;67;2.36;30.0
2014;Licenciatura em Geociências e Educação Ambiental;40;134;28;63;3.35;31.11
2014;Licenciatura em Matemática / Física;260;1086;33;74;4.18;36.67
2014;Matemática Aplicada − Ribeirão Preto;45;237;35;63;5.27;38.89
2014;Oceanografia;40;308;40;68;7.7;44.44
2014;Química (Bacharelados) − Ribeirão Preto;60;462;41;73;7.7;45.56
2014;Química − Bacharelado e Licenciatura;120;1058;46;76;8.82;51.11
2014;Química − Licenciatura − Ribeirão Preto;40;145;31;62;3.63;34.44
2014;Química (Bacharelados) − São Carlos;60;434;41;71;7.23;45.56
2015;Administração − Ribeirão Preto;105;1135;47;69;10.81;52.22
2015;Administração − Piracicaba;40;349;44;72;8.73;48.89
2015;Arquitetura − FAU;150;3831;58;81;25.54;64.44
2015;Arquitetura − São Carlos;45;1255;56;70;27.89;62.22
2015;Artes Cênicas − Bacharelado;15;562;55;71;37.47;61.11
2015;Artes Cênicas − Licenciatura;10;153;52;70;15.3;57.78
2015;Artes Visuais;30;126;47;78;4.2;52.22
2015;Biblioteconomia;35;201;42;69;5.74;46.67
2015;Ciências Contábeis − Ribeirão Preto;45;310;42;64;6.89;46.67
2015;Ciências da Informação e da Documentação − Ribeirão Preto;40;257;41;60;6.43;45.56
2015;Ciências Sociais;210;1402;48;73;6.68;53.33
2015;Curso Superior do Audiovisual;35;1311;60;81;37.46;66.67
2015;Design;40;945;54;81;23.63;60.0
2015;Direito;560;10233;58;83;18.27;64.44
2015;Economia, Administração, Ciências Contábeis e Atuária;590;5628;52;82;9.54;57.78
2015;Economia Empresarial e Controladoria − Ribeirão Preto;70;284;40;73;4.06;44.44
2015;Economia − Piracicaba;40;344;50;68;8.6;55.56
2015;Economia − Ribeirão Preto;45;386;49;73;8.58;54.44
2015;Editoração;15;229;56;69;15.27;62.22
2015;Filosofia;170;887;43;72;5.22;47.78
2015;Geografia;170;840;42;67;4.94;46.67
2015;Gestão Ambiental − USP Leste, SP;120;343;27;68;2.86;30.0
2015;Gestão Ambiental − Piracicaba;40;142;35;71;3.55;38.89
2015;Gestão de Políticas Públicas − USP Leste, SP;120;422;36;71;3.52;40.0
2015;História;270;1902;47;79;7.04;52.22
2015;Jornalismo;60;2205;58;71;36.75;64.44
2015;Lazer e Turismo − USP Leste, SP;120;436;33;65;3.63;36.67
2015;Licenciatura em Educomunicação;30;113;36;73;3.77;40.0
2015;Letras;849;3191;37;73;3.76;41.11
2015;Marketing − USP Leste, SP;120;856;43;70;7.13;47.78
2015;Música − ECA;35;141;43;75;4.03;47.78
2015;Música − Ribeirão Preto;30;150;35;63;5.0;38.89
2015;Pedagogia;180;845;36;69;4.69;40.0
2015;Pedagogia − Ribeirão Preto;50;162;27;61;3.24;30.0
2015;Publicidade e Propaganda;50;1792;55;72;35.84;61.11
2015;Relações Internacionais;60;2014;59;74;33.57;65.56
2015;Relações Públicas;50;781;51;66;15.62;56.67
2015;Têxtil e Moda − USP Leste, SP;60;487;41;60;8.12;45.56
2015;Turismo;30;248;41;64;8.27;45.56
2015;Ciências Biológicas;120;1611;53;82;13.43;58.89
2015;Ciências Biológicas − Piracicaba;30;380;50;67;12.67;55.56
2015;Ciências Biológicas − Ribeirão Preto;60;557;49;78;9.28;54.44
2015;Ciências Biomédicas;40;933;56;73;23.33;62.22
2015;Ciências Biomédicas − Ribeirão Preto;25;412;52;83;16.48;57.78
2015;Ciências dos Alimentos − Piracicaba;40;171;38;62;4.28;42.22
2015;Educação Física e Esporte;100;839;43;72;8.39;47.78
2015;Educação Física e Esporte − Ribeirão Preto;60;374;36;61;6.23;40.0
2015;Educação Física e Saúde − USP Leste, SP;60;309;35;61;5.15;38.89
2015;Enfermagem;80;690;43;70;8.63;47.78
2015;Enfermagem − Ribeirão Preto;130;458;33;69;3.52;36.67
2015;Engenharia Agronômica − Piracicaba;200;1362;43;77;6.81;47.78
2015;Engenharia Florestal − Piracicaba;40;171;38;62;4.28;42.22
2015;Farmácia−Bioquímica;150;1196;49;80;7.97;54.44
2015;Farmácia−Bioquímica − Ribeirão Preto;80;436;44;72;5.45;48.89
2015;Fisioterapia;25;584;50;69;23.36;55.56
2015;Fisioterapia − Ribeirão Preto;40;424;44;63;10.6;48.89
2015;Fonoaudiologia;25;205;44;69;8.2;48.89
2015;Fonoaudiologia − Bauru;40;254;42;64;6.35;46.67
2015;Fonoaudiologia − Ribeirão Preto;30;108;33;61;3.6;36.67
2015;Gerontologia − USP Leste, SP;60;116;27;56;1.93;30.0
2015;Medicina;295;16233;72;90;55.03;80.0
2015;Medicina − Ribeirão Preto;100;5051;70;89;50.51;77.78
2015;Medicina Veterinária;80;2061;53;74;25.76;58.89
2015;Medicina Veterinária − Pirassununga;60;873;49;76;14.55;54.44
2015;Nutrição;80;1131;46;73;14.14;51.11
2015;Nutrição e Metabolismo − Ribeirão Preto;30;389;47;68;12.97;52.22
2015;Obstetrícia − USP Leste, SP;60;284;36;60;4.73;40.0
2015;Odontologia;133;1275;46;66;9.59;51.11
2015;Odontologia − Bauru;50;475;45;71;9.5;50.0
2015;Odontologia − Ribeirão Preto;80;833;46;68;10.41;51.11
2015;Psicologia;70;2848;60;77;40.69;66.67
2015;Psicologia − Ribeirão Preto;40;1062;54;70;26.55;60.0
2015;Saúde Pública;40;341;43;65;8.53;47.78
2015;Terapia Ocupacional;25;186;41;65;7.44;45.56
2015;Terapia Ocupacional − Ribeirão Preto;20;114;36;60;5.7;40.0
2015;Zootecnia − Pirassununga;40;265;37;57;6.63;41.11
2015;Ciências Biomoleculares − São Carlos;40;196;44;83;4.9;48.89
2015;Ciências da Natureza − USP Leste, SP;120;211;27;64;1.76;30.0
2015;Computação;330;2816;49;88;8.53;54.44
2015;Engenharia Aeronáutica − São Carlos;40;1073;68;90;26.83;75.56
2015;Engenharia Ambiental − Lorena;40;377;46;68;9.43;51.11
2015;Engenharia Ambiental − São Carlos;40;484;52;73;12.1;57.78
2015;Engenharia Bioquímica − Lorena;40;300;50;76;7.5;55.56
2015;Engenharia Civil − São Carlos;60;2402;62;82;40.03;68.89
2015;Engenharia de Alimentos − Pirassununga;100;551;42;74;5.51;46.67
2015;Engenharia de Biossistemas − Pirassununga;60;157;27;65;2.62;30.0
2015;Engenharia de Materiais − Lorena;40;284;48;70;7.1;53.33
2015;Engenharia de Materiais e Manufatura − São Carlos;50;402;54;78;8.04;60.0
2015;Engenharia de Produção − Lorena;40;747;51;76;18.68;56.67
2015;Engenharia Elétrica e de Computação − São Carlos;150;1993;56;89;13.29;62.22
2015;Engenharia Física − Lorena;40;237;50;76;5.93;55.56
2015;Engenharia na Escola Politécnica;870;11495;61;90;13.21;67.78
2015;Engenharia Química − Lorena;160;1495;50;90;9.34;55.56
2015;Engenharia − São Carlos;150;2508;60;83;16.72;66.67
2015;Fís. / Fís. Comput. / Meteor. / Geofís. / Astron. / Estatís. / Mat. / Mat. Apl.;550;2626;43;87;4.77;47.78
2015;Física Médica − Ribeirão Preto;40;157;37;67;3.93;41.11
2015;Geologia;50;607;54;76;12.14;60.0
2015;Informática Biomédica − Ribeirão Preto;40;133;33;61;3.33;36.67
2015;Sistemas de Informação − São Carlos;40;256;42;69;6.4;46.67
2015;Licenciatura em Ciências Exatas − São Carlos;50;318;44;70;6.36;48.89
2015;Licenciatura em Geociências e Educação Ambiental;40;77;27;74;1.93;30.0
2015;Licenciatura em Matemática / Física;260;786;31;76;3.02;34.44
2015;Matemática Aplicada − Ribeirão Preto;45;171;35;61;3.8;38.89
2015;Oceanografia;40;299;46;72;7.48;51.11
2015;Química (Bacharelados) − Ribeirão Preto;60;404;46;72;6.73;51.11
2015;Química − Bacharelado e Licenciatura;120;954;51;79;7.95;56.67
2015;Química − Licenciatura − Ribeirão Preto;40;136;33;64;3.4;36.67
2015;Química (Bacharelados) − São Carlos;60;417;47;74;6.95;52.22
2016;Administração − Ribeirão Preto;94;942;45;74;10.02;50.0
2016;Administração − Piracicaba;40;405;42;64;10.13;46.67
2016;Arquitetura − FAU;150;3705;57;84;24.7;63.33
2016;Arquitetura − São Carlos;45;1231;55;84;27.36;61.11
2016;Artes Cênicas − Bacharelado;15;543;55;68;36.2;61.11
2016;Artes Cênicas − Licenciatura;10;129;47;63;12.9;52.22
2016;Artes Visuais;30;144;46;71;4.8;51.11
2016;Biblioteconomia;35;163;39;68;4.66;43.33
2016;Ciências Contábeis − Ribeirão Preto;40;378;43;68;9.45;47.78
2016;Ciências da Informação e da Documentação − Ribeirão Preto;32;41;27;56;1.28;30.0
2016;Ciências Sociais;168;1390;48;84;8.27;53.33
2016;Curso Superior do Audiovisual;35;1351;60;80;38.6;66.67
2016;Design;40;1043;53;76;26.08;58.89
2016;Direito;448;10962;59;87;24.47;65.56
2016;Economia, Administração, Ciências Contábeis e Atuária;590;5745;52;82;9.74;57.78
2016;Economia Empresarial e Controladoria − Ribeirão Preto;63;373;42;73;5.92;46.67
2016;Economia − Piracicaba;40;299;47;71;7.48;52.22
2016;Economia − Ribeirão Preto;40;465;54;81;11.63;60.0
2016;Editoração;15;211;52;72;14.07;57.78
2016;Filosofia;136;940;45;78;6.91;50.0
2016;Geografia;136;727;43;68;5.35;47.78
2016;Gestão Ambiental − USP Leste, SP;84;529;39;71;6.3;43.33
2016;Gestão Ambiental − Piracicaba;32;123;34;64;3.84;37.78
2016;Gestão de Políticas Públicas − USP Leste, SP;84;581;43;70;6.92;47.78
2016;História;216;1941;48;74;8.99;53.33
2016;Jornalismo;60;2012;56;86;33.53;62.22
2016;Lazer e Turismo − USP Leste, SP;84;295;31;60;3.51;34.44
2016;Licenciatura em Educomunicação;30;132;41;71;4.4;45.56
2016;Letras;679;3318;41;74;4.89;45.56
2016;Marketing − USP Leste, SP;84;802;43;62;9.55;47.78
2016;Música − ECA;35;119;39;65;3.4;43.33
2016;Música − Ribeirão Preto;30;51;27;69;1.7;30.0
2016;Pedagogia;126;1009;42;72;8.01;46.67
2016;Pedagogia − Ribeirão Preto;40;456;43;71;11.4;47.78
2016;Publicidade e Propaganda;50;1726;52;76;34.52;57.78
2016;Relações Internacionais;48;2068;60;87;43.08;66.67
2016;Relações Públicas;50;723;47;69;14.46;52.22
2016;Têxtil e Moda − USP Leste, SP;42;475;43;77;11.31;47.78
2016;Turismo;30;212;38;65;7.07;42.22
2016;Ciências Biológicas;102;1582;54;79;15.51;60.0
2016;Ciências Biológicas − Piracicaba;30;248;44;62;8.27;48.89
2016;Ciências Biológicas − Ribeirão Preto;60;603;48;86;10.05;53.33
2016;Ciências Biomédicas;34;1059;59;83;31.15;65.56
2016;Ciências Biomédicas − Ribeirão Preto;22;430;53;79;19.55;58.89
2016;Ciências dos Alimentos − Piracicaba;40;123;31;69;3.08;34.44
2016;Educação Física e Esporte;80;730;41;67;9.13;45.56
2016;Educação Física e Esporte − Ribeirão Preto;48;376;38;57;7.83;42.22
2016;Educação Física e Saúde − USP Leste, SP;42;213;34;60;5.07;37.78
2016;Enfermagem;64;732;44;74;11.44;48.89
2016;Enfermagem − Ribeirão Preto;117;690;38;68;5.9;42.22
2016;Engenharia Agronômica − Piracicaba;160;1256;43;75;7.85;47.78
2016;Engenharia Florestal − Piracicaba;32;184;40;70;5.75;44.44
2016;Farmácia−Bioquímica;120;1147;50;80;9.56;55.56
2016;Farmácia−Bioquímica − Ribeirão Preto;75;433;41;77;5.77;45.56
2016;Fisioterapia;25;594;48;71;23.76;53.33
2016;Fisioterapia − Ribeirão Preto;36;460;43;72;12.78;47.78
2016;Fonoaudiologia;25;155;37;70;6.2;41.11
2016;Fonoaudiologia − Bauru;28;98;32;60;3.5;35.56
2016;Fonoaudiologia − Ribeirão Preto;27;179;37;65;6.63;41.11
2016;Gerontologia − USP Leste, SP;42;370;40;65;8.81;44.44
2016;Medicina;295;17331;73;90;58.75;81.11
2016;Medicina − Ribeirão Preto;90;6474;72;89;71.93;80.0
2016;Medicina Veterinária;72;2396;54;79;33.28;60.0
2016;Medicina Veterinária − Pirassununga;48;981;50;69;20.44;55.56
2016;Nutrição;64;1209;47;70;18.89;52.22
2016;Nutrição e Metabolismo − Ribeirão Preto;27;396;47;70;14.67;52.22
2016;Obstetrícia − USP Leste, SP;42;361;41;70;8.6;45.56
2016;Odontologia;133;1498;46;69;11.26;51.11
2016;Odontologia − Bauru;50;490;43;69;9.8;47.78
2016;Odontologia − Ribeirão Preto;72;903;46;71;12.54;51.11
2016;Psicologia;49;2930;62;88;59.8;68.89
2016;Psicologia − Ribeirão Preto;32;1205;57;77;37.66;63.33
2016;Saúde Pública;32;62;27;66;1.94;30.0
2016;Terapia Ocupacional;25;176;39;60;7.04;43.33
2016;Terapia Ocupacional − Ribeirão Preto;18;115;35;56;6.39;38.89
2016;Zootecnia − Pirassununga;32;264;38;65;8.25;42.22
2016;Ciências Biomoleculares − São Carlos;32;199;47;78;6.22;52.22
2016;Ciências da Natureza − USP Leste, SP;84;282;31;70;3.36;34.44
2016;Computação;246;2763;51;83;11.23;56.67
2016;Engenharia Aeronáutica − São Carlos;40;1052;67;89;26.3;74.44
2016;Engenharia Ambiental − Lorena;30;192;40;57;6.4;44.44
2016;Engenharia Ambiental − São Carlos;40;383;49;71;9.58;54.44
2016;Engenharia Bioquímica − Lorena;30;206;47;70;6.87;52.22
2016;Engenharia Civil − São Carlos;60;2018;60;80;33.63;66.67
2016;Engenharia de Alimentos − Pirassununga;80;511;43;67;6.39;47.78
2016;Engenharia de Biossistemas − Pirassununga;48;376;41;64;7.83;45.56
2016;Engenharia de Materiais − Lorena;30;193;47;81;6.43;52.22
2016;Engenharia de Materiais e Manufatura − São Carlos;50;307;50;80;6.14;55.56
2016;Engenharia de Produção − Lorena;30;781;53;70;26.03;58.89
2016;Engenharia Elétrica e de Computação − São Carlos;150;1929;56;84;12.86;62.22
2016;Engenharia Física − Lorena;30;214;50;81;7.13;55.56
2016;Engenharia na Escola Politécnica;870;10205;60;90;11.73;66.67
2016;Engenharia Química − Lorena;120;1400;53;86;11.67;58.89
2016;Engenharia − São Carlos;150;2372;60;84;15.81;66.67
2016;Fís. / Fís. Comput. / Meteor. / Geofís. / Astron. / Estatís. / Mat. / Mat. Apl.;484;2768;45;82;5.72;50.0
2016;Física Médica − Ribeirão Preto;34;157;39;72;4.62;43.33
2016;Geologia;45;430;51;82;9.56;56.67
2016;Informática Biomédica − Ribeirão Preto;36;131;35;62;3.64;38.89
2016;Sistemas de Informação − São Carlos;28;278;46;78;9.93;51.11
2016;Licenciatura em Ciências Exatas − São Carlos;35;87;27;67;2.49;30.0
2016;Licenciatura em Geociências e Educação Ambiental;36;169;38;68;4.69;42.22
2016;Licenciatura em Matemática / Física;250;841;33;78;3.36;36.67
2016;Matemática Aplicada − Ribeirão Preto;45;157;33;77;3.49;36.67
2016;Oceanografia;30;243;44;71;8.1;48.89
2016;Química (Bacharelados) − Ribeirão Preto;54;329;44;76;6.09;48.89
2016;Química − Bacharelado e Licenciatura;100;900;51;83;9.0;56.67
2016;Química − Licenciatura − Ribeirão Preto;35;138;34;62;3.94;37.78
2016;Química (Bacharelados) − São Carlos;60;361;45;71;6.02;50.0
2017;Administração, Ciências Contábeis, Economia, Economia Empresarial e Controla...;212;1753;42;71;8.27;46.67
2017;Administração − Piracicaba;35;345;39;61;9.86;43.33
2017;Arquitetura − FAU;105;3587;55;74;34.16;61.11
2017;Arquitetura − São Carlos;31;1075;53;69;34.68;58.89
2017;Artes Cênicas;30;691;48;71;23.03;53.33
2017;Artes Visuais;30;128;41;65;4.27;45.56
2017;Biblioteconomia;25;211;42;72;8.44;46.67
2017;Ciências da Informação e da Documentação − Ribeirão Preto;30;314;39;59;10.47;43.33
2017;Ciências Sociais;147;1205;44;73;8.2;48.89
2017;Curso Superior do Audiovisual;35;1372;56;77;39.2;62.22
2017;Design;28;977;52;73;34.89;57.78
2017;Direito;448;10909;55;79;24.35;61.11
2017;Economia, Administração, Ciências Contábeis e Atuária;413;5770;50;82;13.97;55.56
2017;Economia − Piracicaba;35;355;45;76;10.14;50.0
2017;Editoração;10;200;50;61;20.0;55.56
2017;Filosofia;119;881;43;75;7.4;47.78
2017;Geografia;119;790;41;69;6.64;45.56
2017;Gestão Ambiental − USP Leste, SP;84;267;27;63;3.18;30.0
2017;Gestão Ambiental − Piracicaba;32;129;32;55;4.03;35.56
2017;Gestão de Políticas Públicas − USP Leste, SP;84;462;39;66;5.5;43.33
2017;História;189;1911;45;72;10.11;50.0
2017;Jornalismo;42;1815;55;72;43.21;61.11
2017;Lazer e Turismo − USP Leste, SP;84;355;30;51;4.23;33.33
2017;Licenciatura em Educomunicação;21;113;38;60;5.38;42.22
2017;Letras;594;2755;36;72;4.64;40.0
2017;Marketing − USP Leste, SP;84;707;39;58;8.42;43.33
2017;Música − ECA;50;138;27;65;2.76;30.0
2017;Música − Ribeirão Preto;30;43;27;53;1.43;30.0
2017;Pedagogia;126;762;36;69;6.05;40.0
2017;Pedagogia − Ribeirão Preto;40;171;27;57;4.28;30.0
2017;Publicidade e Propaganda;35;1549;50;73;44.26;55.56
2017;Relações Internacionais;42;1962;56;78;46.71;62.22
2017;Relações Públicas;35;746;47;68;21.31;52.22
2017;Têxtil e Moda − USP Leste, SP;42;425;39;63;10.12;43.33
2017;Turismo;21;224;39;62;10.67;43.33
2017;Ciências Biológicas;84;1632;51;75;19.43;56.67
2017;Ciências Biológicas − Piracicaba;24;321;44;64;13.38;48.89
2017;Ciências Biológicas − Ribeirão Preto;30;498;47;63;16.6;52.22
2017;Ciências Biomédicas;30;993;54;76;33.1;60.0
2017;Ciências Biomédicas − Ribeirão Preto;20;436;49;64;21.8;54.44
2017;Ciências dos Alimentos − Piracicaba;28;239;37;60;8.54;41.11
2017;Educação Física e Esporte;80;720;38;71;9.0;42.22
2017;Educação Física e Esporte − Ribeirão Preto;48;329;34;67;6.85;37.78
2017;Educação Física e Saúde − USP Leste, SP;42;235;32;54;5.6;35.56
2017;Enfermagem;56;758;42;73;13.54;46.67
2017;Enfermagem − Ribeirão Preto;117;650;33;60;5.56;36.67
2017;Engenharia Agronômica − Piracicaba;160;1202;40;68;7.51;44.44
2017;Engenharia Florestal − Piracicaba;32;107;31;53;3.34;34.44
2017;Farmácia−Bioquímica;120;1075;45;78;8.96;50.0
2017;Farmácia−Bioquímica − Ribeirão Preto;56;509;44;76;9.09;48.89
2017;Fisioterapia;25;695;45;76;27.8;50.0
2017;Fisioterapia − Ribeirão Preto;34;570;41;66;16.76;45.56
2017;Fonoaudiologia;25;239;39;60;9.56;43.33
2017;Fonoaudiologia − Bauru;28;297;38;64;10.61;42.22
2017;Fonoaudiologia − Ribeirão Preto;27;110;30;61;4.07;33.33
2017;Gerontologia − USP Leste, SP;42;97;27;51;2.31;30.0
2017;Medicina;295;18598;69;88;63.04;76.67
2017;Medicina − Ribeirão Preto;90;6802;69;81;75.58;76.67
2017;Medicina Veterinária;72;2303;50;71;31.99;55.56
2017;Medicina Veterinária − Pirassununga;42;1052;48;69;25.05;53.33
2017;Nutrição;64;1125;44;65;17.58;48.89
2017;Nutrição e Metabolismo − Ribeirão Preto;27;399;43;66;14.78;47.78
2017;Obstetrícia − USP Leste, SP;42;395;38;60;9.4;42.22
2017;Odontologia;120;1655;44;68;13.79;48.89
2017;Odontologia − Bauru;38;738;44;68;19.42;48.89
2017;Odontologia − Ribeirão Preto;72;851;41;66;11.82;45.56
2017;Psicologia;49;2619;58;75;53.45;64.44
2017;Psicologia − Ribeirão Preto;32;1187;54;72;37.09;60.0
2017;Saúde Pública;32;470;41;69;14.69;45.56
2017;Terapia Ocupacional;25;221;39;69;8.84;43.33
2017;Terapia Ocupacional − Ribeirão Preto;18;189;37;59;10.5;41.11
2017;Zootecnia − Pirassununga;28;266;36;52;9.5;40.0
2017;Ciências Biomoleculares − São Carlos;28;184;44;83;6.57;48.89
2017;Ciências da Natureza − USP Leste, SP;84;194;27;57;2.31;30.0
2017;Computação;256;2546;46;79;9.95;51.11
2017;Engenharia Aeronáutica − São Carlos;40;1045;62;78;26.13;68.89
2017;Engenharia Ambiental − Lorena;32;192;38;66;6.0;42.22
2017;Engenharia Ambiental − São Carlos;40;313;44;60;7.83;48.89
2017;Engenharia Bioquímica − Lorena;30;236;44;75;7.87;48.89
2017;Engenharia Civil − São Carlos;60;1664;55;75;27.73;61.11
2017;Engenharia de Alimentos − Pirassununga;68;428;39;68;6.29;43.33
2017;Engenharia de Biossistemas − Pirassununga;42;110;27;69;2.62;30.0
2017;Engenharia de Materiais − Lorena;30;143;39;68;4.77;43.33
2017;Engenharia de Materiais e Manufatura − São Carlos;50;318;45;73;6.36;50.0
2017;Engenharia de Produção − Lorena;30;591;48;71;19.7;53.33
2017;Engenharia Elétrica e de Computação − São Carlos;150;1724;51;84;11.49;56.67
2017;Engenharia Física − Lorena;30;204;45;73;6.8;50.0
2017;Engenharia na Escola Politécnica;783;8786;55;82;11.22;61.11
2017;Engenharia Química − Lorena;120;1108;45;68;9.23;50.0
2017;Engenharia − São Carlos;150;2004;54;82;13.36;60.0
2017;Fís. / Fís. Comput. / Meteor. / Geofís. / Astron. / Estatís. / Mat. / Mat. Apl.;475;2550;41;80;5.37;45.56
2017;Física Médica − Ribeirão Preto;34;163;36;73;4.79;40.0
2017;Geologia;35;298;46;72;8.51;51.11
2017;Informática Biomédica − Ribeirão Preto;36;126;32;56;3.5;35.56
2017;Sistemas de Informação − São Carlos;28;245;41;61;8.75;45.56
2017;Licenciatura em Ciências Exatas − São Carlos;35;285;41;79;8.14;45.56
2017;Licenciatura em Geociências e Educação Ambiental;28;43;27;63;1.54;30.0
2017;Licenciatura em Matemática / Física;230;840;33;89;3.65;36.67
2017;Matemática Aplicada − Ribeirão Preto;40;206;34;66;5.15;37.78
2017;Oceanografia;28;233;41;72;8.32;45.56
2017;Química (Bacharelados) − Ribeirão Preto;54;314;38;67;5.81;42.22
2017;Química − Bacharelado e Licenciatura;84;775;48;75;9.23;53.33
2017;Química − Licenciatura − Ribeirão Preto;35;121;30;53;3.46;33.33
2017;Química (Bacharelados) − São Carlos;48;321;41;72;6.69;45.56
2018;Administração, Ciências Contábeis, Economia, Economia Empresarial e Controla...;212;1794;43;77;8.46;47.78
2018;Administração − Piracicaba;35;387;40;59;11.06;44.44
2018;Arquitetura − FAU;105;3227;57;80;30.73;63.33
2018;Arquitetura − São Carlos;31;889;55;71;28.68;61.11
2018;Artes Cênicas;30;738;49;72;24.6;54.44
2018;Artes Visuais;30;171;45;73;5.7;50.0
2018;Biblioteconomia;28;115;33;62;4.11;36.67
2018;Ciências da Informação e da Documentação − Ribeirão Preto;28;62;27;56;2.21;30.0
2018;Ciências Sociais;147;1089;43;73;7.41;47.78
2018;Curso Superior do Audiovisual;24;1568;62;75;65.33;68.89
2018;Design;28;976;53;74;34.86;58.89
2018;Direito;392;10742;58;83;27.4;64.44
2018;Economia, Administração, Ciências Contábeis e Atuária;413;5552;52;89;13.44;57.78
2018;Economia − Piracicaba;35;325;45;74;9.29;50.0
2018;Editoração;10;156;48;77;15.6;53.33
2018;Filosofia;119;769;42;72;6.46;46.67
2018;Geografia;119;559;37;70;4.7;41.11
2018;Gestão Ambiental − USP Leste, SP;84;344;33;60;4.1;36.67
2018;Gestão Ambiental − Piracicaba;32;92;27;59;2.88;30.0
2018;Gestão de Políticas Públicas − USP Leste, SP;84;427;36;71;5.08;40.0
2018;História;189;1664;45;82;8.8;50.0
2018;Jornalismo;42;1607;54;71;38.26;60.0
2018;Lazer e Turismo − USP Leste, SP;84;298;30;58;3.55;33.33
2018;Licenciatura em Educomunicação;21;87;37;54;4.14;41.11
2018;Letras;594;2957;37;76;4.98;41.11
2018;Marketing − USP Leste, SP;84;726;40;68;8.64;44.44
2018;Música − ECA;50;145;27;71;2.9;30.0
2018;Música − Ribeirão Preto;30;56;27;55;1.87;30.0
2018;Pedagogia;126;825;38;72;6.55;42.22
2018;Pedagogia − Ribeirão Preto;35;439;40;62;12.54;44.44
2018;Publicidade e Propaganda;35;1313;52;70;37.51;57.78
2018;Relações Internacionais;42;2178;60;77;51.86;66.67
2018;Relações Públicas;35;608;46;64;17.37;51.11
2018;Têxtil e Moda − USP Leste, SP;42;443;40;67;10.55;44.44
2018;Turismo;21;182;38;61;8.67;42.22
2018;Bacharelado em Biotecnologia − USP Leste, SP;42;394;47;70;9.38;52.22
2018;Ciências Biológicas;84;1487;53;76;17.7;58.89
2018;Ciências Biológicas − Piracicaba;21;305;47;64;14.52;52.22
2018;Ciências Biológicas − Ribeirão Preto;28;423;51;72;15.11;56.67
2018;Ciências Biomédicas;30;1100;59;79;36.67;65.56
2018;Ciências Biomédicas − Ribeirão Preto;20;427;53;75;21.35;58.89
2018;Ciências dos Alimentos − Piracicaba;28;129;33;53;4.61;36.67
2018;Educação Física e Esporte;80;732;40;65;9.15;44.44
2018;Educação Física e Esporte − Ribeirão Preto;42;360;37;69;8.57;41.11
2018;Educação Física e Saúde − USP Leste, SP;42;222;33;56;5.29;36.67
2018;Enfermagem;56;791;43;70;14.13;47.78
2018;Enfermagem − Ribeirão Preto;104;810;38;61;7.79;42.22
2018;Engenharia Agronômica − Piracicaba;160;1301;42;69;8.13;46.67
2018;Engenharia Florestal − Piracicaba;28;171;40;55;6.11;44.44
2018;Farmácia−Bioquímica;120;1052;47;81;8.77;52.22
2018;Farmácia−Bioquímica − Ribeirão Preto;56;428;43;76;7.64;47.78
2018;Fisioterapia;22;759;50;73;34.5;55.56
2018;Fisioterapia − Ribeirão Preto;33;566;44;64;17.15;48.89
2018;Fonoaudiologia;20;229;41;58;11.45;45.56
2018;Fonoaudiologia − Bauru;28;112;31;62;4.0;34.44
2018;Fonoaudiologia − Ribeirão Preto;24;201;38;64;8.38;42.22
2018;Gerontologia − USP Leste, SP;42;284;36;58;6.76;40.0
2018;Medicina;125;16967;76;90;135.74;84.44
2018;Medicina − Bauru;42;4447;69;88;105.88;76.67
2018;Medicina − Ribeirão Preto;80;6920;72;87;86.5;80.0
2018;Medicina Veterinária;64;2582;54;74;40.34;60.0
2018;Medicina Veterinária − Pirassununga;42;1054;50;69;25.1;55.56
2018;Nutrição;56;1052;47;70;18.79;52.22
2018;Nutrição e Metabolismo − Ribeirão Preto;24;383;45;63;15.96;50.0
2018;Obstetrícia − USP Leste, SP;42;407;39;71;9.69;43.33
2018;Odontologia;113;1624;46;73;14.37;51.11
2018;Odontologia − Bauru;35;549;46;67;15.69;51.11
2018;Odontologia − Ribeirão Preto;56;1117;48;78;19.95;53.33
2018;Psicologia;49;2994;61;84;61.1;67.78
2018;Psicologia − Ribeirão Preto;28;1316;56;74;47.0;62.22
2018;Saúde Pública;28;98;27;60;3.5;30.0
2018;Terapia Ocupacional;22;209;40;61;9.5;44.44
2018;Terapia Ocupacional − Ribeirão Preto;16;149;37;63;9.31;41.11
2018;Zootecnia − Pirassununga;28;238;37;64;8.5;41.11
2018;Ciências Físicas e Biomoleculares − São Carlos;28;109;39;75;3.89;43.33
2018;Ciências da Natureza − USP Leste, SP;42;252;37;60;6.0;41.11
2018;Computação;250;2589;49;81;10.36;54.44
2018;Engenharia Aeronáutica − São Carlos;36;1018;65;83;28.28;72.22
2018;Engenharia Ambiental − Lorena;32;168;37;65;5.25;41.11
2018;Engenharia Ambiental − São Carlos;30;258;44;74;8.6;48.89
2018;Engenharia Bioquímica − Lorena;30;131;38;74;4.37;42.22
2018;Engenharia Civil − São Carlos;60;1366;53;81;22.77;58.89
2018;Engenharia de Alimentos − Pirassununga;68;346;38;69;5.09;42.22
2018;Engenharia de Biossistemas − Pirassununga;42;212;35;71;5.05;38.89
2018;Engenharia de Materiais − Lorena;30;142;39;63;4.73;43.33
2018;Engenharia de Materiais e Manufatura − São Carlos;40;288;47;77;7.2;52.22
2018;Engenharia de Produção − Lorena;34;552;48;73;16.24;53.33
2018;Engenharia Elétrica e de Computação − São Carlos;130;1640;54;82;12.62;60.0
2018;Engenharia Física − Lorena;30;162;44;73;5.4;48.89
2018;Engenharia Química − Lorena;120;1048;47;74;8.73;52.22
2018;Engenharia na Escola Politécnica;783;8482;57;88;10.83;63.33
2018;Engenharia − São Carlos;135;1778;56;78;13.17;62.22
2018;Física / Física Computacional / Meteorologia / Geofísica / Astronomia / Estatíst;447;2680;44;83;6.0;48.89
2018;Física Médica − Ribeirão Preto;28;184;42;72;6.57;46.67
2018;Geologia;35;254;44;80;7.26;48.89
2018;Informática Biomédica − Ribeirão Preto;28;103;32;76;3.68;35.56
2018;Sistemas de Informação − São Carlos;35;276;42;70;7.89;46.67
2018;Licenciatura em Ciências Exatas − São Carlos;35;71;27;57;2.03;30.0
2018;Licenciatura em Geociências e Educação Ambiental;28;149;37;75;5.32;41.11
2018;Licenciatura em Matemática / Física;208;756;33;79;3.63;36.67
2018;Matemática Aplicada − Ribeirão Preto;32;167;37;64;5.22;41.11
2018;Oceanografia;28;207;41;65;7.39;45.56
2018;Química (Bacharelados) − Ribeirão Preto;42;356;43;72;8.48;47.78
2018;Química − Bacharelado e Licenciatura;84;738;48;80;8.79;53.33
2018;Química − Licenciatura − Ribeirão Preto;28;119;33;56;4.25;36.67
2018;Química (Bacharelado e Bacharelado com Atribuições Tecnológicas com Ênfases...;48;241;41;73;5.02;45.56
2019;Administração, Ciências Contábeis, Economia, Economia Empresarial e Co;184;1523;27;78;8.28;30.0
2019;Administração − Piracicaba;37;293;28;64;7.92;31.11
2019;Arquitetura − FAU;105;2896;41;77;27.58;45.56
2019;Arquitetura − São Carlos;31;708;29;74;22.84;32.22
2019;Artes Cênicas;30;627;35;63;20.9;38.89
2019;Artes Visuais;30;821;32;73;27.37;35.56
2019;Biblioteconomia;32;196;27;69;6.13;30.0
2019;Ciências da Informação e da Documentação − Ribeirão Preto;28;185;32;60;6.61;35.56
2019;Ciências Sociais;147;1005;36;76;6.84;40.0
2019;Curso Superior do Audiovisual;24;1132;52;72;47.17;57.78
2019;Design;28;907;42;67;32.39;46.67
2019;Direito;392;10128;49;80;25.84;54.44
2019;Economia, Administração, Ciências Contábeis e Atuária;413;5481;37;80;13.27;41.11
2019;Economia − Piracicaba;37;299;31;67;8.08;34.44
2019;Editoração;12;125;34;63;10.42;37.78
2019;Filosofia;119;610;27;73;5.13;30.0
2019;Geografia;119;600;28;67;5.04;31.11
2019;Gestão Ambiental − USP Leste, SP;84;253;27;55;3.01;30.0
2019;Gestão Ambiental − Piracicaba;28;155;27;59;5.54;30.0
2019;Gestão de Políticas Públicas − USP Leste, SP;84;411;27;73;4.89;30.0
2019;História;189;1567;38;69;8.29;42.22
2019;Jornalismo;48;1366;39;68;28.46;43.33
2019;Lazer e Turismo − USP Leste, SP;84;281;27;60;3.35;30.0
2019;Letras;594;2976;27;78;5.01;30.0
2019;Licenciatura em Educomunicação;21;88;27;61;4.19;30.0
2019;Marketing − USP Leste, SP;84;705;27;66;8.39;30.0
2019;Música − ECA;50;385;27;70;7.7;30.0
2019;Música − Ribeirão Preto;30;100;27;55;3.33;30.0
2019;Pedagogia;126;684;27;67;5.43;30.0
2019;Pedagogia − Ribeirão Preto;35;160;27;65;4.57;30.0
2019;Publicidade e Propaganda;35;1035;35;74;29.57;38.89
2019;Relações Internacionais;42;2163;43;77;51.5;47.78
2019;Relações Públicas;35;543;33;73;15.51;36.67
2019;Têxtil e Moda − USP Leste, SP;42;446;34;59;10.62;37.78
2019;Turismo;21;144;27;55;6.86;30.0
2019;Bacharelado em Biotecnologia − USP Leste, SP;42;473;42;67;11.26;46.67
2019;Ciências Biológicas;84;1499;37;77;17.85;41.11
2019;Ciências Biológicas − Piracicaba;21;188;31;61;8.95;34.44
2019;Ciências Biológicas − Ribeirão Preto;28;336;31;75;12.0;34.44
2019;Ciências Biomédicas;28;906;46;74;32.36;51.11
2019;Ciências Biomédicas − Ribeirão Preto;20;358;35;64;17.9;38.89
2019;Ciências dos Alimentos − Piracicaba;28;121;27;61;4.32;30.0
2019;Educação Física e Esporte;80;611;27;63;7.64;30.0
2019;Educação Física e Esporte − Ribeirão Preto;42;316;28;62;7.52;31.11
2019;Educação Física e Saúde − USP Leste, SP;42;182;27;55;4.33;30.0
2019;Enfermagem;56;692;32;67;12.36;35.56
2019;Enfermagem − Ribeirão Preto;104;717;29;66;6.89;32.22
2019;Engenharia Agronômica − Piracicaba;160;1154;27;73;7.21;30.0
2019;Engenharia Florestal − Piracicaba;28;70;27;58;2.5;30.0
2019;Farmácia − Bioquímica;120;1208;28;79;10.07;31.11
2019;Farmácia − Bioquímica − Ribeirão Preto;64;455;28;70;7.11;31.11
2019;Fisioterapia;21;517;42;63;24.62;46.67
2019;Fisioterapia − Ribeirão Preto;32;557;32;66;17.41;35.56
2019;Fonoaudiologia;20;163;28;70;8.15;31.11
2019;Fonoaudiologia − Bauru;28;226;28;60;8.07;31.11
2019;Fonoaudiologia − Ribeirão Preto;24;106;27;52;4.42;30.0
2019;Gerontologia − USP Leste, SP;42;89;27;63;2.12;30.0
2019;Medicina;135;15557;58;86;115.24;64.44
2019;Medicina − Bauru;42;3650;52;81;86.9;57.78
2019;Medicina − Ribeirão Preto;77;8367;54;83;108.66;60.0
2019;Medicina Veterinária;60;2508;40;78;41.8;44.44
2019;Medicina Veterinária − Pirassununga;42;873;27;71;20.79;30.0
2019;Nutrição;56;863;39;64;15.41;43.33
2019;Nutrição e Metabolismo − Ribeirão Preto;24;288;29;62;12.0;32.22
2019;Obstetrícia − USP Leste, SP;42;355;29;70;8.45;32.22
2019;Odontologia;93;1589;36;72;17.09;40.0
2019;Odontologia − Bauru;35;510;27;66;14.57;30.0
2019;Odontologia − Ribeirão Preto;56;759;27;64;13.55;30.0
2019;Psicologia;50;3089;44;80;61.78;48.89
2019;Psicologia − Ribeirão Preto;28;1152;43;70;41.14;47.78
2019;Saúde Pública;28;320;27;61;11.43;30.0
2019;Terapia Ocupacional;20;144;28;61;7.2;31.11
2019;Terapia Ocupacional − Ribeirão Preto;16;127;30;60;7.94;33.33
2019;Zootecnia − Pirassununga;28;194;28;71;6.93;31.11
2019;Ciências Físicas e Biomoleculares − São Carlos;28;82;27;75;2.93;30.0
2019;Ciências da Natureza − USP Leste, SP;42;90;27;67;2.14;30.0
2019;Computação;264;2754;29;80;10.43;32.22
2019;Engenharia Aeronáutica − São Carlos;35;898;39;80;25.66;43.33
2019;Engenharia Ambiental − Lorena;34;137;28;60;4.03;31.11
2019;Engenharia Ambiental − São Carlos;30;179;27;66;5.97;30.0
2019;Engenharia Bioquímica − Lorena;30;202;27;81;6.73;30.0
2019;Engenharia Civil − São Carlos;55;1043;32;74;18.96;35.56
2019;Engenharia de Alimentos − Pirassununga;70;306;27;61;4.37;30.0
2019;Engenharia de Biossistemas − Pirassununga;42;119;27;63;2.83;30.0
2019;Engenharia de Materiais − Lorena;30;116;27;66;3.87;30.0
2019;Engenharia de Materiais e Manufatura − São Carlos;45;223;28;78;4.96;31.11
2019;Engenharia de Produção − Lorena;30;308;29;62;10.27;32.22
2019;Engenharia Elétrica e de Computação − São Carlos;125;1500;27;83;12.0;30.0
2019;Engenharia Física − Lorena;30;162;27;77;5.4;30.0
2019;Engenharia Química − Lorena;120;977;27;74;8.14;30.0
2019;Engenharia − São Carlos;133;1579;27;80;11.87;30.0
2019;Engenharia na Escola Politécnica;783;7868;27;85;10.05;30.0
2019;Física / Física Computacional / Meteorologia / Geofísica / Astronomia / Estat;443;2387;27;80;5.39;30.0
2019;Física Médica − Ribeirão Preto;34;125;27;72;3.68;30.0
2019;Geologia;35;193;29;65;5.51;32.22
2019;Informática Biomédica − Ribeirão Preto;16;69;27;67;4.31;30.0
2019;Licenciatura em Ciências Exatas − São Carlos;35;130;27;61;3.71;30.0
2019;Licenciatura em Geociências e Educação Ambiental;28;40;27;61;1.43;30.0
2019;Licenciatura em Matemática / Física;208;747;27;80;3.59;30.0
2019;Matemática Aplicada − Ribeirão Preto;32;113;27;80;3.53;30.0
2019;Oceanografia;28;174;27;63;6.21;30.0
2019;Química (Bacharelado ou Bacharelado com Habilitação em Química Forens;42;343;28;70;8.17;31.11
2019;Química − Bacharelado e Licenciatura;84;690;31;77;8.21;34.44
2019;Química − Licenciatura − Ribeirão Preto;28;89;27;66;3.18;30.0
2019;Química (Bacharelado e Bacharelado com Atribuições Tecnológicas com Ê;42;156;27;63;3.71;30.0
2019;Sistemas de Informação − São Carlos;35;275;28;67;7.86;31.11
2020;Administração, Ciências Contábeis, Economia, Economia Empresarial e Co;187;1562;27;74;8.35;30.0
2020;Administração − Piracicaba;40;283;27;68;7.08;30.0
2020;Arquitetura − FAU;105;2724;40;81;25.94;44.44
2020;Arquitetura − São Carlos;31;622;28;74;20.06;31.11
2020;Artes Cênicas;30;667;34;71;22.23;37.78
2020;Artes Visuais;30;797;37;73;26.57;41.11
2020;Biblioteconomia;28;104;27;63;3.71;30.0
2020;Biblioteconomia e Ciência da Informação − Ribeirão Preto;28;52;27;60;1.86;30.0
2020;Ciências Sociais;147;1136;37;75;7.73;41.11
2020;Curso Superior do Audiovisual;24;1126;56;80;46.92;62.22
2020;Design;28;908;41;78;32.43;45.56
2020;Direito;393;9462;41;84;24.08;45.56
2020;Economia, Administração, Ciências Contábeis e Atuária;413;5794;40;84;14.03;44.44
2020;Economia − Piracicaba;40;316;27;81;7.9;30.0
2020;Editoração;12;118;28;68;9.83;31.11
2020;Filosofia;119;800;28;72;6.72;31.11
2020;Geografia;119;588;27;72;4.94;30.0
2020;Gestão Ambiental − USP Leste, SP;84;288;27;65;3.43;30.0
2020;Gestão Ambiental − Piracicaba;28;94;28;66;3.36;31.11
2020;Gestão de Políticas Públicas − USP Leste, SP;84;509;30;77;6.06;33.33
2020;História;189;1663;36;77;8.8;40.0
2020;Jornalismo;48;1397;39;84;29.1;43.33
2020;Lazer e Turismo − USP Leste, SP;84;222;27;69;2.64;30.0
2020;Letras;597;2897;27;78;4.85;30.0
2020;Licenciatura em Educomunicação;21;100;28;70;4.76;31.11
2020;Marketing − USP Leste, SP;84;730;27;70;8.69;30.0
2020;Música − ECA;50;379;27;72;7.58;30.0
2020;Música − Ribeirão Preto;30;99;27;64;3.3;30.0
2020;Pedagogia;141;806;27;73;5.72;30.0
2020;Pedagogia − Ribeirão Preto;35;160;27;66;4.57;30.0
2020;Publicidade e Propaganda;35;1092;39;78;31.2;43.33
2020;Relações Internacionais;42;2461;48;80;58.6;53.33
2020;Relações Públicas;35;486;36;70;13.89;40.0
2020;Têxtil e Moda − USP Leste, SP;42;512;38;65;12.19;42.22
2020;Turismo;21;155;27;66;7.38;30.0
2020;Bacharelado em Biotecnologia − USP Leste, SP;42;483;44;80;11.5;48.89
2020;Ciências Biológicas;84;1468;39;80;17.48;43.33
2020;Ciências Biológicas − Piracicaba;21;287;28;70;13.67;31.11
2020;Ciências Biológicas − Ribeirão Preto;28;306;44;76;10.93;48.89
2020;Ciências Biomédicas;28;1042;45;75;37.21;50.0
2020;Ciências Biomédicas − Ribeirão Preto;20;347;30;68;17.35;33.33
2020;Ciências dos Alimentos − Piracicaba;28;117;29;55;4.18;32.22
2020;Educação Física e Esporte;80;652;29;72;8.15;32.22
2020;Educação Física e Esporte − Ribeirão Preto;42;297;27;61;7.07;30.0
2020;Educação Física e Saúde − USP Leste, SP;42;198;27;59;4.71;30.0
2020;Enfermagem;56;730;27;72;13.04;30.0
2020;Enfermagem − Ribeirão Preto;104;677;27;71;6.51;30.0
2020;Engenharia Agronômica − Piracicaba;160;1053;27;73;6.58;30.0
2020;Engenharia Florestal − Piracicaba;28;169;28;73;6.04;31.11
2020;Farmácia;120;1232;35;80;10.27;38.89
2020;Farmácia − Ribeirão Preto;62;421;27;75;6.79;30.0
2020;Fisioterapia;18;561;33;79;31.17;36.67
2020;Fisioterapia − Ribeirão Preto;30;505;34;65;16.83;37.78
2020;Fonoaudiologia;18;146;29;59;8.11;32.22
2020;Fonoaudiologia − Bauru;28;128;27;64;4.57;30.0
2020;Fonoaudiologia − Ribeirão Preto;24;226;27;64;9.42;30.0
2020;Gerontologia − USP Leste, SP;42;145;27;55;3.45;30.0
2020;Medicina;122;15797;59;86;129.48;65.56
2020;Medicina − Bauru;42;5217;59;84;124.21;65.56
2020;Medicina − Ribeirão Preto;77;6856;59;85;89.04;65.56
2020;Medicina Veterinária;56;2403;39;78;42.91;43.33
2020;Medicina Veterinária − Pirassununga;42;906;34;74;21.57;37.78
2020;Nutrição;56;854;35;74;15.25;38.89
2020;Nutrição e Metabolismo − Ribeirão Preto;22;215;27;68;9.77;30.0
2020;Obstetrícia − USP Leste, SP;42;333;27;66;7.93;30.0
2020;Odontologia;93;1437;27;79;15.45;30.0
2020;Odontologia − Bauru;35;377;27;69;10.77;30.0
2020;Odontologia − Ribeirão Preto;56;820;27;76;14.64;30.0
2020;Psicologia;49;3610;48;80;73.67;53.33
2020;Psicologia − Ribeirão Preto;29;1254;49;78;43.24;54.44
2020;Saúde Pública;28;88;27;73;3.14;30.0
2020;Terapia Ocupacional;18;163;29;66;9.06;32.22
2020;Terapia Ocupacional − Ribeirão Preto;15;121;29;63;8.07;32.22
2020;Zootecnia − Pirassununga;28;162;27;64;5.79;30.0
2020;Ciências Físicas e Biomoleculares − São Carlos;28;104;30;75;3.71;33.33
2020;Ciências da Natureza − USP Leste, SP;42;139;27;76;3.31;30.0
2020;Computação;264;3301;32;82;12.5;35.56
2020;Engenharia Aeronáutica − São Carlos;33;823;37;83;24.94;41.11
2020;Engenharia Ambiental − Lorena;34;132;27;76;3.88;30.0
2020;Engenharia Ambiental − São Carlos;28;197;27;76;7.04;30.0
2020;Engenharia Bioquímica − Lorena;30;158;27;79;5.27;30.0
2020;Engenharia Civil − São Carlos;55;849;28;76;15.44;31.11
2020;Engenharia de Alimentos − Pirassununga;70;275;27;73;3.93;30.0
2020;Engenharia de Biossistemas − Pirassununga;42;83;27;63;1.98;30.0
2020;Engenharia de Materiais − Lorena;30;158;28;66;5.27;31.11
2020;Engenharia de Materiais e Manufatura − São Carlos;45;211;27;79;4.69;30.0
2020;Engenharia de Produção − Lorena;30;338;27;76;11.27;30.0
2020;Engenharia Elétrica e de Computação − São Carlos;109;1495;33;82;13.72;36.67
2020;Engenharia Física − Lorena;30;163;27;76;5.43;30.0
2020;Engenharia Química − Lorena;120;783;28;82;6.53;31.11
2020;Engenharia − São Carlos;132;1431;28;82;10.84;31.11
2020;Engenharia na Escola Politécnica;783;7574;27;88;9.67;30.0
2020;Física / Física Computacional / Meteorologia / Geofísica / Astronomia / Estat;443;2674;27;81;6.04;30.0
2020;Física Médica − Ribeirão Preto;34;185;28;80;5.44;31.11
2020;Geologia;35;198;29;78;5.66;32.22
2020;Informática Biomédica − Ribeirão Preto;15;75;28;59;5.0;31.11
2020;Licenciatura em Ciências Exatas − São Carlos;35;73;28;67;2.09;31.11
2020;Licenciatura em Geociências e Educação Ambiental;28;45;28;62;1.61;31.11
2020;Licenciatura em Matemática / Física;193;653;27;84;3.38;30.0
2020;Matemática Aplicada − Ribeirão Preto;31;129;28;71;4.16;31.11
2020;Oceanografia;28;189;27;70;6.75;30.0
2020;Química (Bacharelado ou Bacharelado com Habilitação em Química Forens;42;352;30;71;8.38;33.33
2020;Química − Bacharelado e Licenciatura;84;752;28;77;8.95;31.11
2020;Química − Licenciatura − Ribeirão Preto;28;61;27;72;2.18;30.0
2020;Química (Bacharelado e Bacharelado com Atribuições Tecnológicas com Ê;42;173;27;76;4.12;30.0
2020;Sistemas de Informação − São Carlos;35;342;27;70;9.77;30.0
2021;Administração, Ciências Contábeis, Economia, Economia Empresarial e Co;187;1481;27;79;7.92;30.0
2021;Administração − Piracicaba;40;272;27;64;6.8;30.0
2021;Arquitetura − FAU;105;3008;40;87;28.65;44.44
2021;Arquitetura − São Carlos;31;649;35;79;20.94;38.89
2021;Artes Cênicas;30;688;37;75;22.93;41.11
2021;Artes Visuais;30;939;41;77;31.3;45.56
2021;Ciência da Informação;28;121;27;68;4.32;30.0
2021;Biblioteconomia e Ciência da Informação − Ribeirão Preto;28;144;29;64;5.14;32.22
2021;Ciências Sociais;147;1142;34;86;7.77;37.78
2021;Curso Superior do Audiovisual;24;1114;51;86;46.42;56.67
2021;Design;28;1066;44;81;38.07;48.89
2021;Direito;391;9634;51;86;24.64;56.67
2021;Economia, Administração, Ciências Contábeis e Atuária;413;5638;38;87;13.65;42.22
2021;Economia − Piracicaba;40;332;28;75;8.3;31.11
2021;Editoração;11;129;39;75;11.73;43.33
2021;Filosofia;119;720;29;76;6.05;32.22
2021;Geografia;119;531;27;76;4.46;30.0
2021;Gestão Ambiental − USP Leste, SP;84;256;27;66;3.05;30.0
2021;Gestão Ambiental − Piracicaba;28;88;27;66;3.14;30.0
2021;Gestão de Políticas Públicas − USP Leste, SP;84;320;27;70;3.81;30.0
2021;História;189;1602;34;81;8.48;37.78
2021;Jornalismo;42;1583;47;84;37.69;52.22
2021;Lazer e Turismo − USP Leste, SP;84;217;27;65;2.58;30.0
2021;Letras;597;2889;27;78;4.84;30.0
2021;Licenciatura em Educomunicação;21;97;29;70;4.62;32.22
2021;Marketing − USP Leste, SP;84;799;27;83;9.51;30.0
2021;Música − ECA;50;384;28;77;7.68;31.11
2021;Música − Ribeirão Preto;30;98;27;68;3.27;30.0
2021;Pedagogia;135;801;27;80;5.93;30.0
2021;Pedagogia − Ribeirão Preto;35;171;27;67;4.89;30.0
2021;Publicidade e Propaganda;35;1134;40;84;32.4;44.44
2021;Relações Internacionais;42;2321;48;86;55.26;53.33
2021;Relações Públicas;35;485;32;72;13.86;35.56
2021;Têxtil e Moda − USP Leste, SP;42;667;34;72;15.88;37.78
2021;Turismo;21;115;27;62;5.48;30.0
2021;Bacharelado em Biotecnologia − USP Leste, SP;42;463;40;82;11.02;44.44
2021;Ciências Biológicas;84;1654;41;83;19.69;45.56
2021;Ciências Biológicas − Piracicaba;21;172;30;74;8.19;33.33
2021;Ciências Biológicas − Ribeirão Preto;28;367;44;77;13.11;48.89
2021;Ciências Biomédicas;28;1274;53;82;45.5;58.89
2021;Ciências Biomédicas − Ribeirão Preto;19;429;39;83;22.58;43.33
2021;Ciências dos Alimentos − Piracicaba;28;91;27;60;3.25;30.0
2021;Educação Física e Esporte;80;593;27;79;7.41;30.0
2021;Educação Física e Esporte − Ribeirão Preto;42;242;27;78;5.76;30.0
2021;Educação Física e Saúde − USP Leste, SP;42;171;27;70;4.07;30.0
2021;Enfermagem;56;748;31;78;13.36;34.44
2021;Enfermagem − Ribeirão Preto;101;710;27;73;7.03;30.0
2021;Engenharia Agronômica − Piracicaba;160;1036;27;81;6.48;30.0
2021;Engenharia Florestal − Piracicaba;28;113;28;77;4.04;31.11
2021;Farmácia;120;1186;27;85;9.88;30.0
2021;Farmácia − Ribeirão Preto;62;466;27;79;7.52;30.0
2021;Fisioterapia;18;571;36;79;31.72;40.0
2021;Fisioterapia − Ribeirão Preto;29;459;27;75;15.83;30.0
2021;Fonoaudiologia;18;147;29;63;8.17;32.22
2021;Fonoaudiologia − Bauru;28;210;27;65;7.5;30.0
2021;Fonoaudiologia − Ribeirão Preto;22;74;27;62;3.36;30.0
2021;Gerontologia − USP Leste, SP;42;162;27;59;3.86;30.0
2021;Medicina;122;18857;63;90;154.57;70.0
2021;Medicina − Bauru;42;3291;59;88;78.36;65.56
2021;Medicina − Ribeirão Preto;75;9686;59;89;129.15;65.56
2021;Medicina Veterinária;56;2452;42;83;43.79;46.67
2021;Medicina Veterinária − Pirassununga;42;875;28;74;20.83;31.11
2021;Nutrição;56;908;33;80;16.21;36.67
2021;Nutrição e Metabolismo − Ribeirão Preto;21;263;28;75;12.52;31.11
2021;Obstetrícia − USP Leste, SP;42;323;27;76;7.69;30.0
2021;Odontologia;93;1348;30;82;14.49;33.33
2021;Odontologia − Bauru;35;402;27;80;11.49;30.0
2021;Odontologia − Ribeirão Preto;56;681;27;80;12.16;30.0
2021;Psicologia;49;3828;50;87;78.12;55.56
2021;Psicologia − Ribeirão Preto;28;1173;56;83;41.89;62.22
2021;Saúde Pública;28;130;28;74;4.64;31.11
2021;Terapia Ocupacional;18;155;28;68;8.61;31.11
2021;Terapia Ocupacional − Ribeirão Preto;15;75;28;62;5.0;31.11
2021;Zootecnia − Pirassununga;28;161;27;76;5.75;30.0
2021;Ciências Físicas e Biomoleculares − São Carlos;28;92;28;76;3.29;31.11
2021;Ciências da Natureza − USP Leste, SP;42;127;27;72;3.02;30.0
2021;Computação;253;3772;36;85;14.91;40.0
2021;Engenharia Aeronáutica − São Carlos;33;720;30;87;21.82;33.33
2021;Engenharia Ambiental − Lorena;34;140;28;74;4.12;31.11
2021;Engenharia Ambiental − São Carlos;28;149;29;72;5.32;32.22
2021;Engenharia Bioquímica − Lorena;30;144;28;84;4.8;31.11
2021;Engenharia Civil − São Carlos;55;852;27;81;15.49;30.0
2021;Engenharia de Alimentos − Pirassununga;70;249;27;80;3.56;30.0
2021;Engenharia de Biossistemas − Pirassununga;42;104;27;71;2.48;30.0
2021;Engenharia de Materiais − Lorena;30;71;28;80;2.37;31.11
2021;Engenharia de Materiais e Manufatura − São Carlos;40;163;28;74;4.08;31.11
2021;Engenharia de Produção − Lorena;30;322;28;82;10.73;31.11
2021;Engenharia Elétrica e de Computação − São Carlos;105;1399;31;86;13.32;34.44
2021;Engenharia Física − Lorena;30;129;28;85;4.3;31.11
2021;Engenharia Química − Lorena;120;760;27;85;6.33;30.0
2021;Engenharia Mecânica, Engenharia Mecatrônica e Engenharia de Produção −;120;1861;27;84;15.51;30.0
2021;Engenharia na Escola Politécnica;783;6521;27;88;8.33;30.0
2021;Física / Física Computacional / Meteorologia / Geofísica / Astronomia / Estat;424;2375;27;85;5.6;30.0
2021;Ciência de Dados − São Carlos;14;107;28;75;7.64;31.11
2021;Física Médica − Ribeirão Preto;34;120;27;75;3.53;30.0
2021;Geologia;35;122;27;67;3.49;30.0
2021;Informática Biomédica − Ribeirão Preto;14;67;28;71;4.79;31.11
2021;Licenciatura em Ciências Exatas − São Carlos;35;46;28;69;1.31;31.11
2021;Licenciatura em Geociências e Educação Ambiental;28;61;28;66;2.18;31.11
2021;Licenciatura em Matemática / Física;182;571;27;78;3.14;30.0
2021;Matemática Aplicada − Ribeirão Preto;31;123;27;75;3.97;30.0
2021;Oceanografia;28;164;29;80;5.86;32.22
2021;Química (Bacharelado ou Bacharelado com Habilitação em Química Forens;42;277;32;75;6.6;35.56
2021;Química − Bacharelado e Licenciatura;84;684;30;87;8.14;33.33
2021;Química − Licenciatura e Bacharelado − Ribeirão Preto;28;78;28;70;2.79;31.11
2021;Química (Bacharelado e Bacharelado com Atribuições Tecnológicas com Ê;42;148;27;75;3.52;30.0
2021;Sistemas de Informação − São Carlos;35;365;28;81;10.43;31.11
2022;Administração, Ciências Contábeis, Economia, Finanças e Negócios (Ribeir;187;1315;27;78;7.03;30.0
2022;Administração (Piracicaba);40;289;28;65;7.23;31.11
2022;Arquitetura − FAU (São Paulo);105;2507;43;81;23.88;47.78
2022;Arquitetura (São Carlos);31;592;30;82;19.1;33.33
2022;Artes Cênicas (São Paulo);30;547;35;74;18.23;38.89
2022;Artes Visuais (São Paulo);30;754;44;74;25.13;48.89
2022;Ciência da Informação (São Paulo);28;66;28;69;2.36;31.11
2022;Biblioteconomia e Ciência da Informação (Ribeirão Preto);28;83;27;76;2.96;30.0
2022;Ciências Sociais (São Paulo);147;803;33;78;5.46;36.67
2022;Curso Superior do Audiovisual (São Paulo);24;1043;54;80;43.46;60.0
2022;Design (São Paulo);28;975;47;82;34.82;52.22
2022;Direito (São Paulo, Ribeirão Preto);391;8164;51;83;20.88;56.67
2022;Economia, Administração, Ciências Contábeis e Atuária (São Paulo);413;4777;37;84;11.57;41.11
2022;Economia (Piracicaba);40;305;29;74;7.63;32.22
2022;Editoração (São Paulo);10;107;47;78;10.7;52.22
2022;Filosofia (São Paulo);119;554;27;77;4.66;30.0
2022;Geografia (São Paulo);119;440;28;75;3.7;31.11
2022;Gestão Ambiental − USP Leste (São Paulo);84;163;27;65;1.94;30.0
2022;Gestão Ambiental (Piracicaba);28;67;33;63;2.39;36.67
2022;Gestão de Políticas Públicas − USP Leste (São Paulo);84;288;28;69;3.43;31.11
2022;História (São Paulo);189;1132;33;82;5.99;36.67
2022;Jornalismo (São Paulo);42;1365;56;81;32.5;62.22
2022;Lazer e Turismo − USP Leste (São Paulo);84;181;27;71;2.15;30.0
2022;Letras (São Paulo);597;2311;27;81;3.87;30.0
2022;Licenciatura em Educomunicação (São Paulo);21;51;27;66;2.43;30.0
2022;Marketing − USP Leste (São Paulo);84;646;27;77;7.69;30.0
2022;Música − ECA (São Paulo);50;272;27;77;5.44;30.0
2022;Música (Ribeirão Preto);30;63;30;70;2.1;33.33
2022;Pedagogia (São Paulo);135;670;27;73;4.96;30.0
2022;Pedagogia (Ribeirão Preto);35;150;27;76;4.29;30.0
2022;Publicidade e Propaganda (São Paulo);35;944;46;73;26.97;51.11
2022;Relações Internacionais (São Paulo);42;1986;50;81;47.29;55.56
2022;Relações Públicas (São Paulo);35;392;39;71;11.2;43.33
2022;Têxtil e Moda − USP Leste (São Paulo);42;527;37;74;12.55;41.11
2022;Turismo (São Paulo);21;94;30;78;4.48;33.33
2022;Bacharelado em Biotecnologia − USP Leste (São Paulo);42;418;43;82;9.95;47.78
2022;Ciências Biológicas (São Paulo);84;1268;38;84;15.1;42.22
2022;Ciências Biológicas (Piracicaba);21;176;38;67;8.38;42.22
2022;Ciências Biológicas (Ribeirão Preto);28;280;43;81;10.0;47.78
2022;Ciências Biomédicas (São Paulo);28;1262;52;83;45.07;57.78
2022;Ciências Biomédicas (Ribeirão Preto);19;442;32;79;23.26;35.56
2022;Ciências dos Alimentos (Piracicaba);28;97;30;69;3.46;33.33
2022;Educação Física e Esporte (São Paulo);80;526;28;70;6.58;31.11
2022;Educação Física (Ribeirão Preto);42;184;28;75;4.38;31.11
2022;Educação Física e Saúde − USP Leste (São Paulo);42;140;31;67;3.33;34.44
2022;Enfermagem (São Paulo);56;637;33;77;11.38;36.67
2022;Enfermagem (Ribeirão Preto);101;635;27;72;6.29;30.0
2022;Engenharia Agronômica (Piracicaba);160;1017;27;80;6.36;30.0
2022;Engenharia Florestal (Piracicaba);28;62;30;81;2.21;33.33
2022;Farmácia (São Paulo);120;953;27;78;7.94;30.0
2022;Farmácia (Ribeirão Preto);62;380;28;80;6.13;31.11
2022;Fisioterapia (São Paulo);18;445;43;81;24.72;47.78
2022;Fisioterapia (Ribeirão Preto);29;381;35;73;13.14;38.89
2022;Fonoaudiologia (São Paulo);18;122;32;67;6.78;35.56
2022;Fonoaudiologia (Bauru);28;96;27;60;3.43;30.0
2022;Fonoaudiologia (Ribeirão Preto);22;143;28;71;6.5;31.11
2022;Gerontologia − USP Leste (São Paulo);42;34;27;62;0.81;30.0
2022;Medicina (São Paulo);122;15284;62;88;125.28;68.89
2022;Medicina (Bauru);42;4050;59;86;96.43;65.56
2022;Medicina (Ribeirão Preto);75;7577;63;86;101.03;70.0
2022;Medicina Veterinária (São Paulo);56;1903;47;77;33.98;52.22
2022;Medicina Veterinária (Pirassununga);42;753;28;77;17.93;31.11
2022;Nutrição (São Paulo);56;817;43;77;14.59;47.78
2022;Nutrição e Metabolismo (Ribeirão Preto);21;230;38;75;10.95;42.22
2022;Obstetrícia − USP Leste (São Paulo);42;264;37;75;6.29;41.11
2022;Odontologia (São Paulo);93;1100;33;83;11.83;36.67
2022;Odontologia (Bauru);35;343;28;72;9.8;31.11
2022;Odontologia (Ribeirão Preto);56;638;28;81;11.39;31.11
2022;Psicologia (São Paulo);49;3060;51;82;62.45;56.67
2022;Psicologia (Ribeirão Preto);28;1103;56;80;39.39;62.22
2022;Saúde Pública (São Paulo);28;92;29;69;3.29;32.22
2022;Terapia Ocupacional (São Paulo);18;124;28;64;6.89;31.11
2022;Terapia Ocupacional (Ribeirão Preto);15;106;28;71;7.07;31.11
2022;Zootecnia (Pirassununga);28;118;27;61;4.21;30.0
2022;Ciências Físicas e Biomoleculares (São Carlos);28;60;35;73;2.14;38.89
2022;Ciências da Natureza − USP Leste (São Paulo);42;98;29;66;2.33;32.22
2022;Computação (São Paulo, São Carlos, Ribeirão Preto);247;3945;43;85;15.97;47.78
2022;Engenharia Aeronáutica (São Carlos);31;586;39;83;18.9;43.33
2022;Engenharia Ambiental (Lorena);34;61;29;68;1.79;32.22
2022;Engenharia Ambiental (São Carlos);31;143;28;74;4.61;31.11
2022;Engenharia Bioquímica (Lorena);30;85;27;81;2.83;30.0
2022;Engenharia Civil (São Carlos);46;603;29;79;13.11;32.22
2022;Engenharia de Alimentos (Pirassununga);70;168;27;79;2.4;30.0
2022;Engenharia de Biossistemas (Pirassununga);42;78;28;69;1.86;31.11
2022;Engenharia de Materiais (Lorena);30;96;27;73;3.2;30.0
2022;Engenharia de Materiais e Manufatura (São Carlos);38;142;31;80;3.74;34.44
2022;Engenharia de Produção (Lorena);30;225;31;72;7.5;34.44
2022;Engenharia Elétrica e de Computação (São Carlos);114;1189;28;82;10.43;31.11
2022;Engenharia Física (Lorena);30;111;28;84;3.7;31.11
2022;Engenharia Química (Lorena);120;601;28;84;5.01;31.11
2022;Engenharia Mecânica, Engenharia Mecatrônica e Engenharia de Produção (;114;1422;27;82;12.47;30.0
2022;Engenharia na Escola Politécnica (São Paulo);783;5414;27;87;6.91;30.0
2022;Física / Física Computacional / Meteorologia / Geofísica / Astronomia / Estat;396;1874;27;84;4.73;30.0
2022;Ciência de Dados (São Carlos);14;110;33;76;7.86;36.67
2022;Física Médica  (São Paulo, Ribeirão Preto);45;151;29;79;3.36;32.22
2022;Geologia (São Paulo);35;140;27;79;4.0;30.0
2022;Informática Biomédica (Ribeirão Preto);14;78;34;82;5.57;37.78
2022;Licenciatura em Ciências Exatas (São Carlos);35;48;27;70;1.37;30.0
2022;Licenciatura em Geociências e Educação Ambiental (São Paulo);28;31;32;69;1.11;35.56
2022;Licenciatura em Matemática / Física (São Paulo);182;470;27;81;2.58;30.0
2022;Matemática Aplicada (Ribeirão Preto);31;88;28;79;2.84;31.11
2022;Oceanografia (São Paulo);28;123;30;75;4.39;33.33
2022;Química (Bacharelado ou Bacharelado com Habilitação em Química Forens;42;258;28;74;6.14;31.11
2022;Química − Bacharelado e Licenciatura (São Paulo);84;506;29;81;6.02;32.22
2022;Química − Licenciatura e Bacharelado (Ribeirão Preto);28;80;27;74;2.86;30.0
2022;Química (Bacharelado e Bacharelado com Atribuições Tecnológicas com Ê;42;114;28;76;2.71;31.11
2022;Sistemas de Informação (São Carlos);35;390;29;76;11.14;32.22
2023;Administração, Ciências Contábeis, Economia, Finanças e Negócios (Ribeir;187;1407;27;79;7.52;30.0
2023;Administração (Piracicaba);40;256;27;72;6.4;30.0
2023;Arquitetura − FAU (São Paulo);105;2428;40;83;23.12;44.44
2023;Arquitetura (São Carlos);31;668;28;76;21.55;31.11
2023;Artes Cênicas (São Paulo);30;574;28;70;19.13;31.11
2023;Artes Visuais (São Paulo);30;923;44;77;30.77;48.89
2023;Biblioteconomia e Ciência da Informação (São Paulo);28;175;27;74;6.25;30.0
2023;Biblioteconomia e Ciência da Informação (Ribeirão Preto);28;132;27;75;4.71;30.0
2023;Ciências Sociais (São Paulo);147;792;27;78;5.39;30.0
2023;Curso Superior do Audiovisual (São Paulo);24;1009;56;79;42.04;62.22
2023;Design (São Paulo);28;1033;48;79;36.89;53.33
2023;Direito (São Paulo, Ribeirão Preto);391;8195;41;86;20.96;45.56
2023;Economia, Administração, Ciências Contábeis e Atuária (São Paulo);413;4960;29;88;12.01;32.22
2023;Economia (Piracicaba);40;273;28;71;6.83;31.11
2023;Editoração (São Paulo);10;111;45;76;11.1;50.0
2023;Filosofia (São Paulo);119;638;27;82;5.36;30.0
2023;Geografia (São Paulo);119;443;27;74;3.72;30.0
2023;Gestão Ambiental − USP Leste (São Paulo);84;172;27;75;2.05;30.0
2023;Gestão Ambiental (Piracicaba);28;59;27;66;2.11;30.0
2023;Gestão de Políticas Públicas − USP Leste (São Paulo);84;266;27;76;3.17;30.0
2023;História (São Paulo);189;1285;27;78;6.8;30.0
2023;Jornalismo (São Paulo);42;1419;52;78;33.79;57.78
2023;Lazer e Turismo − USP Leste (São Paulo);84;145;27;75;1.73;30.0
2023;Letras (São Paulo);597;2360;27;81;3.95;30.0
2023;Licenciatura em Educomunicação (São Paulo);21;75;27;72;3.57;30.0
2023;Marketing − USP Leste (São Paulo);84;844;27;79;10.05;30.0
2023;Música − ECA (São Paulo);50;285;27;80;5.7;30.0
2023;Música − FFCLRP (Ribeirão Preto);30;75;27;78;2.5;30.0
2023;Pedagogia (São Paulo);135;672;27;75;4.98;30.0
2023;Pedagogia (Ribeirão Preto);35;186;27;66;5.31;30.0
2023;Publicidade e Propaganda (São Paulo);35;1024;42;77;29.26;46.67
2023;Relações Internacionais (São Paulo);42;2299;50;84;54.74;55.56
2023;Relações Públicas (São Paulo);35;335;28;74;9.57;31.11
2023;Têxtil e Moda − USP Leste (São Paulo);42;709;33;71;16.88;36.67
2023;Turismo (São Paulo);21;98;27;59;4.67;30.0
2023;Bacharelado em Biotecnologia − USP Leste (São Paulo);42;327;37;81;7.79;41.11
2023;Ciências Biológicas (São Paulo);84;1267;36;84;15.08;40.0
2023;Ciências Biológicas (Piracicaba);24;184;29;72;7.67;32.22
2023;Ciências Biológicas (Ribeirão Preto);28;309;45;77;11.04;50.0
2023;Ciências Biomédicas (São Paulo);28;1169;53;80;41.75;58.89
2023;Ciências Biomédicas (Ribeirão Preto);19;433;40;80;22.79;44.44
2023;Ciências dos Alimentos (Piracicaba);32;52;27;69;1.63;30.0
2023;Educação Física (São Paulo);80;629;27;82;7.86;30.0
2023;Educação Física (Ribeirão Preto);42;277;29;71;6.6;32.22
2023;Educação Física e Saúde − USP Leste (São Paulo);42;146;27;68;3.48;30.0
2023;Enfermagem (São Paulo);56;580;27;76;10.36;30.0
2023;Enfermagem (Ribeirão Preto);101;593;27;75;5.87;30.0
2023;Engenharia Agronômica (Piracicaba);162;1125;27;82;6.94;30.0
2023;Engenharia Florestal (Piracicaba);32;97;27;74;3.03;30.0
2023;Farmácia (São Paulo);120;1122;27;83;9.35;30.0
2023;Farmácia (Ribeirão Preto);62;421;27;79;6.79;30.0
2023;Fisioterapia (São Paulo);18;381;34;78;21.17;37.78
2023;Fisioterapia (Ribeirão Preto);29;459;27;79;15.83;30.0
2023;Fonoaudiologia (São Paulo);18;120;27;66;6.67;30.0
2023;Fonoaudiologia (Bauru);28;206;27;71;7.36;30.0
2023;Fonoaudiologia (Ribeirão Preto);22;59;27;72;2.68;30.0
2023;Gerontologia − USP Leste (São Paulo);42;156;27;67;3.71;30.0
2023;Medicina (São Paulo);122;14401;61;88;118.04;67.78
2023;Medicina (Bauru);42;3288;59;85;78.29;65.56
2023;Medicina (Ribeirão Preto);75;7193;62;87;95.91;68.89
2023;Medicina Veterinária (São Paulo);56;2033;45;84;36.3;50.0
2023;Medicina Veterinária (Pirassununga);42;775;30;80;18.45;33.33
2023;Nutrição (São Paulo);56;962;38;77;17.18;42.22
2023;Nutrição e Metabolismo (Ribeirão Preto);21;310;39;77;14.76;43.33
2023;Obstetrícia − USP Leste (São Paulo);42;240;27;68;5.71;30.0
2023;Odontologia (São Paulo);93;1184;27;81;12.73;30.0
2023;Odontologia (Bauru);35;336;28;74;9.6;31.11
2023;Odontologia (Ribeirão Preto);56;568;27;77;10.14;30.0
2023;Psicologia (São Paulo);49;3457;49;82;70.55;54.44
2023;Psicologia (Ribeirão Preto);28;1254;55;78;44.79;61.11
2023;Saúde Pública (São Paulo);28;94;27;70;3.36;30.0
2023;Terapia Ocupacional (São Paulo);17;119;29;66;7.0;32.22
2023;Terapia Ocupacional (Ribeirão Preto);15;68;27;63;4.53;30.0
2023;Zootecnia (Pirassununga);28;136;27;65;4.86;30.0
2023;Ciências Físicas e Biomoleculares (São Carlos);28;62;27;76;2.21;30.0
2023;Ciências da Natureza − USP Leste (São Paulo);42;151;27;72;3.6;30.0
2023;Computação (São Paulo, São Carlos, Ribeirão Preto);247;5612;43;86;22.72;47.78
2023;Engenharia Aeronáutica (São Carlos);31;660;32;86;21.29;35.56
2023;Engenharia Ambiental (Lorena);34;96;27;72;2.82;30.0
2023;Engenharia Ambiental (São Carlos);31;122;27;79;3.94;30.0
2023;Engenharia Bioquímica (Lorena);30;144;27;83;4.8;30.0
2023;Engenharia Civil (São Carlos);46;538;27;75;11.7;30.0
2023;Engenharia de Alimentos (Pirassununga);70;180;27;74;2.57;30.0
2023;Engenharia de Biossistemas (Pirassununga);42;69;27;68;1.64;30.0
2023;Engenharia de Materiais (Lorena);30;71;27;74;2.37;30.0
2023;Engenharia de Materiais e Manufatura (São Carlos);38;106;27;75;2.79;30.0
2023;Engenharia de Produção (Lorena);30;195;27;74;6.5;30.0
2023;Engenharia Elétrica e de Computação (São Carlos);114;1271;27;84;11.15;30.0
2023;Engenharia Física (Lorena);30;109;27;85;3.63;30.0
2023;Engenharia Química (Lorena);120;477;27;84;3.98;30.0
2023;Engenharia Mecânica, Engenharia Mecatrônica e Engenharia de Produção (;114;1301;27;82;11.41;30.0
2023;Engenharia na Escola Politécnica (São Paulo);783;5134;27;86;6.56;30.0
2023;Física / Física Computacional / Meteorologia / Geofísica / Astronomia / Estat;396;2030;27;87;5.13;30.0
2023;Ciência de Dados (São Carlos);14;129;27;78;9.21;30.0
2023;Física Médica (São Paulo, Ribeirão Preto);47;181;27;80;3.85;30.0
2023;Geologia (São Paulo);35;149;30;75;4.26;33.33
2023;Informática Biomédica (Ribeirão Preto);14;54;27;77;3.86;30.0
2023;Licenciatura em Ciências Exatas (São Carlos);35;54;27;82;1.54;30.0
2023;Licenciatura em Geociências e Educação Ambiental (São Paulo);28;36;27;66;1.29;30.0
2023;Licenciatura em Matemática / Física (São Paulo);187;502;27;81;2.68;30.0
2023;Matemática Aplicada (Ribeirão Preto);31;108;27;73;3.48;30.0
2023;Oceanografia (São Paulo);28;119;27;71;4.25;30.0
2023;Química (Bacharelado ou Bacharelado com Habilitação em Química Forens;42;265;27;75;6.31;30.0
2023;Química − Bacharelado e Licenciatura (São Paulo);84;539;27;82;6.42;30.0
2023;Química − Licenciatura e Bacharelado (Ribeirão Preto);28;79;27;71;2.82;30.0
2023;Química (Bacharelado e Bacharelado com Atribuições Tecnológicas com Ê;42;94;27;74;2.24;30.0
2023;Sistemas de Informação (São Carlos);35;552;27;77;15.77;30.0
2024;Administração, Ciências Contábeis, Economia, Finanças e Negócios;194;1740;27;82;8.97;30.0
2024;Administração;29;311;27;73;10.72;30.0
2024;Arquitetura;109;2211;37;86;20.28;41.11
2024;Arquitetura;33;496;27;74;15.03;30.0
2024;Artes Cênicas;30;541;35;76;18.03;38.89
2024;Artes Visuais;30;759;40;75;25.3;44.44
2024;Biblioteconomia e Ciência da Informação;30;108;27;69;3.6;30.0
2024;Biblioteconomia e Ciência da Informação;30;72;27;64;2.4;30.0
2024;Ciências Sociais;154;790;27;80;5.13;30.0
2024;Audiovisual;25;943;48;82;37.72;53.33
2024;Design;29;858;44;81;29.59;48.89
2024;Direito;408;8178;35;87;20.04;38.89
2024;Ciências Econômicas, Administração, Ciências Contábeis e Ciências Atuária;429;4118;27;86;9.6;30.0
2024;Ciências Econômicas;29;264;27;78;9.1;30.0
2024;Editoração;12;75;28;76;6.25;31.11
2024;Filosofia;126;482;27;86;3.83;30.0
2024;Geografia;126;480;27;81;3.81;30.0
2024;Gestão Ambiental;115;237;27;72;2.06;30.0
2024;Gestão de Políticas Públicas;86;329;27;70;3.83;30.0
2024;História;198;1236;27;80;6.24;30.0
2024;Jornalismo;42;1105;43;76;26.31;47.78
2024;Lazer e Turismo;86;396;27;70;4.6;30.0
2024;Letras;619;2056;27;79;3.32;30.0
2024;Educomunicação;21;68;27;62;3.24;30.0
2024;Marketing;86;642;27;71;7.47;30.0
2024;Música;50;305;27;74;6.1;30.0
2024;Música;30;63;27;64;2.1;30.0
2024;Pedagogia;132;685;27;82;5.19;30.0
2024;Pedagogia;37;139;27;63;3.76;30.0
2024;Publicidade e Propaganda;36;1086;42;80;30.17;46.67
2024;Relações Internacionais;42;2172;48;85;51.71;53.33
2024;Relações Públicas;36;343;28;73;9.53;31.11
2024;Têxtil e Moda;43;618;31;77;14.37;34.44
2024;Turismo;21;101;27;71;4.81;30.0
2024;Biotecnologia;43;304;27;82;7.07;30.0
2024;Ciências Biológicas;139;1846;31;80;13.28;34.44
2024;Ciências Biomédicas;48;1390;40;84;28.96;44.44
2024;Ciências dos Alimentos;29;281;27;74;9.69;30.0
2024;Educação Física;159;1101;27;76;6.92;30.0
2024;Enfermagem;155;1067;27;78;6.88;30.0
2024;Engenharia Agronômica;146;1146;27;80;7.85;30.0
2024;Engenharia Florestal;29;85;27;71;2.93;30.0
2024;Farmácia;166;1516;27;83;9.13;30.0
2024;Fisioterapia;19;364;34;82;19.16;37.78
2024;Fisioterapia;29;433;30;76;14.93;33.33
2024;Fonoaudiologia;19;130;28;66;6.84;31.11
2024;Fonoaudiologia;51;415;27;73;8.14;30.0
2024;Gerontologia;43;64;27;67;1.49;30.0
2024;Medicina;128;15064;64;88;117.69;71.11
2024;Medicina;43;3362;63;86;78.19;70.0
2024;Medicina;73;6324;58;88;86.63;64.44
2024;Medicina Veterinária;59;1800;38;80;30.51;42.22
2024;Medicina Veterinária;43;631;31;77;14.67;34.44
2024;Nutrição;79;1108;29;78;14.03;32.22
2024;Obstetrícia;43;182;27;68;4.23;30.0
2024;Odontologia;191;1836;27;81;9.61;30.0
2024;Psicologia;51;3191;48;82;62.57;53.33
2024;Psicologia;30;1134;41;83;37.8;45.56
2024;Saúde Pública;29;168;27;76;5.79;30.0
2024;Terapia Ocupacional;19;184;27;69;9.68;30.0
2024;Terapia Ocupacional;15;119;27;76;7.93;30.0
2024;Zootecnia;28;169;27;64;6.04;30.0
2024;Ciências Físicas e Biomoleculares;29;81;27;83;2.79;30.0
2024;Ciências da Natureza;43;149;27;74;3.47;30.0
2024;Ciências Exatas;36;45;27;73;1.25;30.0
2024;Computação;266;5078;41;86;19.09;45.56
2024;Sistemas de Informação;37;492;36;77;13.3;40.0
2024;Informática Biomédica;15;70;27;69;4.67;30.0
2024;Engenharia Aeronáutica;29;588;38;85;20.28;42.22
2024;Engenharia Ambiental;29;142;27;75;4.9;30.0
2024;Engenharia Civil;43;505;28;79;11.74;31.11
2024;"Engenharia Bioquímica; Engenharia de Biossistemas";71;175;27;82;2.46;30.0
2024;Engenharia de Materiais e Manufatura;37;200;27;72;5.41;30.0
2024;Engenharia Elétrica e de Computação;111;1320;27;88;11.89;30.0
2024;"Engenharia Mecânica; Engenharia Mecatrônica; Engenharia de Produção";111;1308;27;84;11.78;30.0
2024;Engenharias;932;5928;27;87;6.36;30.0
2024;Física / Física Computacional / Meteorologia / Geofísica / Astronomia / Estat;381;1916;27;86;5.03;30.0
2024;Física Médica;49;192;27;77;3.92;30.0
2024;Geologia;37;140;27;81;3.78;30.0
2024;Oceanografia;29;101;27;87;3.48;30.0
2024;Geociências e Educação Ambiental;29;50;27;78;1.72;30.0
2024;Licenciatura em Matemática / Física;189;580;27;81;3.07;30.0
2024;Matemática Aplicada;33;103;27;71;3.12;30.0
2024;Química;129;744;28;86;5.77;31.11
2024;Química;73;250;27;77;3.42;30.0
2025;Biotecnologia;43;295;29;83;6.86;32.22
2025;Ciências Biológicas;139;1679;29;82;12.08;32.22
2025;Ciências Biomédicas;48;1264;40;80;26.33;44.44
2025;Ciências dos Alimentos;29;78;27;73;2.69;30.0
2025;Educação Física;159;941;27;79;5.92;30.0
2025;Enfermagem;155;953;27;77;6.15;30.0
2025;Farmácia;166;1559;27;80;9.39;30.0
2025;Fisioterapia;48;975;33;78;20.31;36.67
2025;Fonoaudiologia;70;580;27;75;8.29;30.0
2025;Gerontologia;43;374;27;74;8.7;30.0
2025;Medicina;244;23557;60;88;96.55;66.67
2025;Medicina Veterinária;102;2094;36;81;20.53;40.0
2025;Nutrição;79;1143;34;77;14.47;37.78
2025;Obstetrícia;43;226;27;66;5.26;30.0
2025;Odontologia;191;1791;27;83;9.38;30.0
2025;Psicologia;30;1059;43;83;35.3;47.78
2025;Psicologia;51;2834;48;84;55.57;53.33
2025;Saúde Pública;29;72;27;66;2.48;30.0
2025;Terapia Ocupacional;34;337;28;68;9.91;31.11
2025;Zootecnia;28;146;27;69;5.21;30.0
2025;"Engenharia Agronômica; Engenharia Bioquímica; Engenharia de Biossiste";246;1484;27;79;6.03;30.0
2025;Ciências da Natureza;43;100;27;72;2.33;30.0
2025;Ciências Exatas;36;97;27;76;2.69;30.0
2025;Computação;266;4662;40;86;17.53;44.44
2025;Engenharia Aeronáutica;29;663;40;84;22.86;44.44
2025;Engenharia Ambiental;100;303;27;76;3.03;30.0
2025;Engenharia Civil;43;495;27;78;11.51;30.0
2025;Engenharia de Materiais;105;259;27;81;2.47;30.0
2025;Engenharia Elétrica e de Computação;111;1299;27;84;11.7;30.0
2025;"Engenharia Física; Engenharia de Produção; Engenharia Química";174;698;27;86;4.01;30.0
2025;"Engenharia Mecânica; Engenharia Mecatrônica; Engenharia de Produção";111;1475;27;83;13.29;30.0
2025;Engenharias;619;5085;27;86;8.21;30.0
2025;Física / Física Computacional / Física Biomolecular / Meteorologia / Geofísic;410;1989;27;88;4.85;30.0
2025;Física Médica;49;256;27;76;5.22;30.0
2025;Geociências e Educação Ambiental;29;50;27;70;1.72;30.0
2025;Geologia;37;172;27;77;4.65;30.0
2025;Informática Biomédica;15;60;27;69;4.0;30.0
2025;Licenciatura em Matemática / Física;189;516;27;78;2.73;30.0
2025;Matemática Aplicada;33;191;27;75;5.79;30.0
2025;Oceanografia;29;126;27;76;4.34;30.0
2025;Química;73;260;27;79;3.56;30.0
2025;Química;129;701;27;83;5.43;30.0
2025;Sistemas de Informação;37;464;32;78;12.54;35.56
2025;Administração, Ciências Contábeis, Economia, Finanças e Negócios;194;1571;27;79;8.1;30.0
2025;Administração, Ciências Atuariais, Ciências Contábeis e Ciências Econômic;429;4831;27;85;11.26;30.0
2025;Ciências Econômicas e Administração;58;449;27;77;7.74;30.0
2025;Arquitetura;109;2083;38;83;19.11;42.22
2025;Arquitetura;33;497;28;79;15.06;31.11
2025;Artes Cênicas;30;402;32;71;13.4;35.56
2025;Artes Visuais;30;648;37;77;21.6;41.11
2025;Audiovisual;25;807;41;81;32.28;45.56
2025;Biblioteconomia e Ciência da Informação;30;260;33;72;8.67;36.67
2025;Biblioteconomia e Ciência da Informação;30;221;27;68;7.37;30.0
2025;Ciências Sociais;154;684;27;75;4.44;30.0
2025;Design;29;642;43;82;22.14;47.78
2025;Direito;408;8382;38;83;20.54;42.22
2025;Editoração;12;89;28;66;7.42;31.11
2025;Educomunicação;21;73;27;63;3.48;30.0
2025;Filosofia;126;442;27;81;3.51;30.0
2025;Geografia;126;395;27;82;3.13;30.0
2025;Gestão Ambiental;115;286;27;69;2.49;30.0
2025;Gestão de Políticas Públicas;86;307;27;75;3.57;30.0
2025;História;198;1048;27;81;5.29;30.0
2025;Jornalismo;42;1101;42;79;26.21;46.67
2025;Letras;619;1947;27;76;3.15;30.0
2025;Marketing;86;587;27;68;6.83;30.0
2025;Música;50;250;27;71;5.0;30.0
2025;Música;30;80;27;69;2.67;30.0
2025;Pedagogia;132;664;27;75;5.03;30.0
2025;Pedagogia;37;166;27;66;4.49;30.0
2025;Publicidade e Propaganda;36;1029;42;81;28.58;46.67
2025;Relações Internacionais;42;1786;45;81;42.52;50.0
2025;Relações Públicas;36;269;29;66;7.47;32.22
2025;Têxtil e Moda;43;537;33;80;12.49;36.67
2025;Turismo;107;225;27;65;2.1;30.0
2026;Biotecnologia;43;365;29;84;8.49;32.22
2026;Ciências Biológicas;139;1731;34;82;12.45;37.78
2026;Ciências Biomédicas;48;1408;45;86;29.33;50.0
2026;Ciências dos Alimentos;29;303;27;79;10.45;30.0
2026;Educação Física;159;1024;27;78;6.44;30.0
2026;Enfermagem;155;1045;27;77;6.74;30.0
2026;Farmácia;166;1824;27;83;10.99;30.0
2026;Fisioterapia;48;1097;40;80;22.85;44.44
2026;Fonoaudiologia;70;663;27;79;9.47;30.0
2026;Gerontologia;43;63;27;68;1.47;30.0
2026;Medicina;244;22135;60;88;90.72;66.67
2026;Medicina Veterinária;102;2125;38;80;20.83;42.22
2026;Nutrição;79;1107;35;80;14.01;38.89
2026;Obstetrícia;43;175;27;75;4.07;30.0
2026;Odontologia;191;1893;27;82;9.91;30.0
2026;Psicologia;30;1193;48;81;39.77;53.33
2026;Psicologia;51;2988;49;85;58.59;54.44
2026;Saúde Pública;29;244;27;77;8.41;30.0
2026;Terapia Ocupacional;34;456;34;73;13.41;37.78
2026;Zootecnia;28;175;27;67;6.25;30.0
2026;"Engenharia Agronômica; Engenharia Bioquímica; Engenharia Florestal";203;1274;27;83;6.28;30.0
2026;Ciências da Natureza;43;179;27;68;4.16;30.0
2026;Ciências Exatas;36;100;27;71;2.78;30.0
2026;Computação;266;4309;42;86;16.2;46.67
2026;Engenharia Aeronáutica;29;660;39;87;22.76;43.33
2026;Engenharia Ambiental;100;353;27;83;3.53;30.0
2026;Engenharia Civil;43;552;29;81;12.84;32.22
2026;Engenharia de Materiais;105;630;27;83;6.0;30.0
2026;Engenharia Elétrica e de Computação;111;1499;29;85;13.5;32.22
2026;"Engenharia Física; Engenharia de Produção; Engenharia Química";174;1010;27;82;5.8;30.0
2026;"Engenharia Mecânica; Engenharia Mecatrônica; Engenharia de Produção";111;1988;27;84;17.91;30.0
2026;Engenharias;547;5141;27;89;9.4;30.0
2026;Engenharias FZEA;115;120;27;78;1.04;30.0
2026;Física / Física Computacional / Física Biomolecular / Meteorologia / Geofísic;443;1993;27;86;4.5;30.0
2026;Física Médica;49;264;29;76;5.39;32.22
2026;Geociências e Educação Ambiental;29;72;27;69;2.48;30.0
2026;Geologia;37;138;27;85;3.73;30.0
2026;Informática Biomédica;15;56;27;65;3.73;30.0
2026;Licenciatura em Matemática / Física;189;503;27;81;2.66;30.0
2026;Oceanografia;29;109;27;69;3.76;30.0
2026;Química;73;257;27;78;3.52;30.0
2026;Química;129;698;27;84;5.41;30.0
2026;Sistemas de Informação;37;441;34;77;11.92;37.78
2026;Administração, Ciências Contábeis, Ciências Econômicas, Finanças e Negó;194;1818;27;81;9.37;30.0
2026;Administração, Ciências Atuariais, Ciências Contábeis e Ciências Econômic;429;5132;29;84;11.96;32.22
2026;Ciências Econômicas e Administração;58;659;27;80;11.36;30.0
2026;Arquitetura;109;1994;38;84;18.29;42.22
2026;Arquitetura;33;442;30;78;13.39;33.33
2026;Artes Cênicas;30;437;38;78;14.57;42.22
2026;Artes Visuais;30;606;40;76;20.2;44.44
2026;Audiovisual;25;764;49;81;30.56;54.44
2026;Biblioteconomia e Ciência da Informação;60;194;27;79;3.23;30.0
2026;Ciências Sociais;154;770;27;81;5.0;30.0
2026;Design;29;561;44;80;19.34;48.89
2026;Direito;408;9266;43;87;22.71;47.78
2026;Editoração;12;74;30;66;6.17;33.33
2026;Educomunicação;21;86;27;71;4.1;30.0
2026;Filosofia;126;463;27;83;3.67;30.0
2026;Geografia;126;406;27;72;3.22;30.0
2026;Gestão Ambiental;115;251;27;71;2.18;30.0
2026;Gestão de Políticas Públicas;86;365;27;70;4.24;30.0
2026;História;198;1062;27;76;5.36;30.0
2026;Jornalismo;42;1078;47;77;25.67;52.22
2026;Letras;619;2038;27;80;3.29;30.0
2026;Marketing;86;615;27;71;7.15;30.0
2026;Música;50;276;27;86;5.52;30.0
2026;Música;30;82;27;64;2.73;30.0
2026;Pedagogia;132;642;27;78;4.86;30.0
2026;Pedagogia;37;149;27;78;4.03;30.0
2026;Publicidade e Propaganda;36;993;47;74;27.58;52.22
2026;Relações Internacionais;42;1592;48;84;37.9;53.33
2026;Relações Públicas;36;408;38;79;11.33;42.22
2026;Têxtil e Moda;43;471;33;71;10.95;36.67
2026;Turismo;107;469;27;79;4.38;30.0
